Country,Probabilidade,Disponibilidade,Atributo,Ur√¢nio (Ton.)
Algeria,RAR,in Situ,<USD 40/kgU,0
Algeria,RAR,in Situ,Entre 40 e 80 USD,0
Algeria,RAR,in Situ,Entre 80 e 130 USD,0
Algeria,RAR,in Situ,Entre 130 e 260 USD,26000
Argentina,RAR,in Situ,<USD 40/kgU,0
Argentina,RAR,in Situ,Entre 40 e 80 USD,9600
Argentina,RAR,in Situ,Entre 80 e 130 USD,4800
Argentina,RAR,in Situ,Entre 130 e 260 USD,0
Australia,RAR,in Situ,<USD 40/kgU,0
Australia,RAR,in Situ,Entre 40 e 80 USD,0
Australia,RAR,in Situ,Entre 80 e 130 USD,1907500
Australia,RAR,in Situ,Entre 130 e 260 USD,168800
Botswana,RAR,in Situ,<USD 40/kgU,0
Botswana,RAR,in Situ,Entre 40 e 80 USD,0
Botswana,RAR,in Situ,Entre 80 e 130 USD,32900
Botswana,RAR,in Situ,Entre 130 e 260 USD,0
Brazil,RAR,in Situ,<USD 40/kgU,184300
Brazil,RAR,in Situ,Entre 40 e 80 USD,25400
Brazil,RAR,in Situ,Entre 80 e 130 USD,0
Brazil,RAR,in Situ,Entre 130 e 260 USD,0
Canada,RAR,in Situ,<USD 40/kgU,0
Canada,RAR,in Situ,Entre 40 e 80 USD,293100
Canada,RAR,in Situ,Entre 80 e 130 USD,232000
Canada,RAR,in Situ,Entre 130 e 260 USD,219300
Chile,RAR,in Situ,<USD 40/kgU,0
Chile,RAR,in Situ,Entre 40 e 80 USD,0
Chile,RAR,in Situ,Entre 80 e 130 USD,0
Chile,RAR,in Situ,Entre 130 e 260 USD,700
China,RAR,in Situ,<USD 40/kgU,45400
China,RAR,in Situ,Entre 40 e 80 USD,33700
China,RAR,in Situ,Entre 80 e 130 USD,70700
China,RAR,in Situ,Entre 130 e 260 USD,4700
Congo Dem Rep of,RAR,in Situ,<USD 40/kgU,0
Congo Dem Rep of,RAR,in Situ,Entre 40 e 80 USD,0
Congo Dem Rep of,RAR,in Situ,Entre 80 e 130 USD,0
Congo Dem Rep of,RAR,in Situ,Entre 130 e 260 USD,1900
Czech Republic,RAR,in Situ,<USD 40/kgU,0
Czech Republic,RAR,in Situ,Entre 40 e 80 USD,0
Czech Republic,RAR,in Situ,Entre 80 e 130 USD,1300
Czech Republic,RAR,in Situ,Entre 130 e 260 USD,2500
Denmark/Greenland,RAR,in Situ,<USD 40/kgU,0
Denmark/Greenland,RAR,in Situ,Entre 40 e 80 USD,0
Denmark/Greenland,RAR,in Situ,Entre 80 e 130 USD,0
Denmark/Greenland,RAR,in Situ,Entre 130 e 260 USD,102800
Finland,RAR,in Situ,<USD 40/kgU,0
Finland,RAR,in Situ,Entre 40 e 80 USD,0
Finland,RAR,in Situ,Entre 80 e 130 USD,1500
Finland,RAR,in Situ,Entre 130 e 260 USD,0
Gabon,RAR,in Situ,<USD 40/kgU,0
Gabon,RAR,in Situ,Entre 40 e 80 USD,0
Gabon,RAR,in Situ,Entre 80 e 130 USD,6400
Gabon,RAR,in Situ,Entre 130 e 260 USD,0
Germany,RAR,in Situ,<USD 40/kgU,0
Germany,RAR,in Situ,Entre 40 e 80 USD,0
Germany,RAR,in Situ,Entre 80 e 130 USD,0
Germany,RAR,in Situ,Entre 130 e 260 USD,4000
Greece,RAR,in Situ,<USD 40/kgU,0
Greece,RAR,in Situ,Entre 40 e 80 USD,0
Greece,RAR,in Situ,Entre 80 e 130 USD,0
Greece,RAR,in Situ,Entre 130 e 260 USD,1300
Guyana,RAR,in Situ,<USD 40/kgU,0
Guyana,RAR,in Situ,Entre 40 e 80 USD,0
Guyana,RAR,in Situ,Entre 80 e 130 USD,0
Guyana,RAR,in Situ,Entre 130 e 260 USD,1300
India,RAR,in Situ,<USD 40/kgU,0
India,RAR,in Situ,Entre 40 e 80 USD,0
India,RAR,in Situ,Entre 80 e 130 USD,0
India,RAR,in Situ,Entre 130 e 260 USD,282400
Indonesia,RAR,in Situ,<USD 40/kgU,0
Indonesia,RAR,in Situ,Entre 40 e 80 USD,2000
Indonesia,RAR,in Situ,Entre 80 e 130 USD,5400
Indonesia,RAR,in Situ,Entre 130 e 260 USD,0
Iran Islamic Rep of,RAR,in Situ,<USD 40/kgU,0
Iran Islamic Rep of,RAR,in Situ,Entre 40 e 80 USD,0
Iran Islamic Rep of,RAR,in Situ,Entre 80 e 130 USD,4300
Iran Islamic Rep of,RAR,in Situ,Entre 130 e 260 USD,0
Italy,RAR,in Situ,<USD 40/kgU,0
Italy,RAR,in Situ,Entre 40 e 80 USD,6400
Italy,RAR,in Situ,Entre 80 e 130 USD,0
Italy,RAR,in Situ,Entre 130 e 260 USD,0
Japan,RAR,in Situ,<USD 40/kgU,0
Japan,RAR,in Situ,Entre 40 e 80 USD,0
Japan,RAR,in Situ,Entre 80 e 130 USD,0
Japan,RAR,in Situ,Entre 130 e 260 USD,0
Jordan,RAR,in Situ,<USD 40/kgU,0
Jordan,RAR,in Situ,Entre 40 e 80 USD,0
Jordan,RAR,in Situ,Entre 80 e 130 USD,62000
Jordan,RAR,in Situ,Entre 130 e 260 USD,0
Kazakhstan,RAR,in Situ,<USD 40/kgU,283100
Kazakhstan,RAR,in Situ,Entre 40 e 80 USD,72600
Kazakhstan,RAR,in Situ,Entre 80 e 130 USD,59000
Kazakhstan,RAR,in Situ,Entre 130 e 260 USD,24100
Malawi,RAR,in Situ,<USD 40/kgU,0
Malawi,RAR,in Situ,Entre 40 e 80 USD,0
Malawi,RAR,in Situ,Entre 80 e 130 USD,9500
Malawi,RAR,in Situ,Entre 130 e 260 USD,6200
Mali,RAR,in Situ,<USD 40/kgU,0
Mali,RAR,in Situ,Entre 40 e 80 USD,0
Mali,RAR,in Situ,Entre 80 e 130 USD,6700
Mali,RAR,in Situ,Entre 130 e 260 USD,0
Mauritania,RAR,in Situ,<USD 40/kgU,0
Mauritania,RAR,in Situ,Entre 40 e 80 USD,0
Mauritania,RAR,in Situ,Entre 80 e 130 USD,7500
Mauritania,RAR,in Situ,Entre 130 e 260 USD,400
Mexico,RAR,in Situ,<USD 40/kgU,0
Mexico,RAR,in Situ,Entre 40 e 80 USD,0
Mexico,RAR,in Situ,Entre 80 e 130 USD,0
Mexico,RAR,in Situ,Entre 130 e 260 USD,0
Mongolia,RAR,in Situ,<USD 40/kgU,0
Mongolia,RAR,in Situ,Entre 40 e 80 USD,10100
Mongolia,RAR,in Situ,Entre 80 e 130 USD,77900
Mongolia,RAR,in Situ,Entre 130 e 260 USD,200
Namibia,RAR,in Situ,<USD 40/kgU,0
Namibia,RAR,in Situ,Entre 40 e 80 USD,14700
Namibia,RAR,in Situ,Entre 80 e 130 USD,369300
Namibia,RAR,in Situ,Entre 130 e 260 USD,19500
Niger,RAR,in Situ,<USD 40/kgU,0
Niger,RAR,in Situ,Entre 40 e 80 USD,18000
Niger,RAR,in Situ,Entre 80 e 130 USD,299900
Niger,RAR,in Situ,Entre 130 e 260 USD,95500
Paraguay,RAR,in Situ,<USD 40/kgU,0
Paraguay,RAR,in Situ,Entre 40 e 80 USD,0
Paraguay,RAR,in Situ,Entre 80 e 130 USD,3400
Paraguay,RAR,in Situ,Entre 130 e 260 USD,0
Peru,RAR,in Situ,<USD 40/kgU,0
Peru,RAR,in Situ,Entre 40 e 80 USD,20000
Peru,RAR,in Situ,Entre 80 e 130 USD,0
Peru,RAR,in Situ,Entre 130 e 260 USD,0
Portugal,RAR,in Situ,<USD 40/kgU,0
Portugal,RAR,in Situ,Entre 40 e 80 USD,4500
Portugal,RAR,in Situ,Entre 80 e 130 USD,1500
Portugal,RAR,in Situ,Entre 130 e 260 USD,0
Romania,RAR,in Situ,<USD 40/kgU,0
Romania,RAR,in Situ,Entre 40 e 80 USD,4000
Romania,RAR,in Situ,Entre 80 e 130 USD,800
Romania,RAR,in Situ,Entre 130 e 260 USD,0
Russia,RAR,in Situ,<USD 40/kgU,0
Russia,RAR,in Situ,Entre 40 e 80 USD,27500
Russia,RAR,in Situ,Entre 80 e 130 USD,229700
Russia,RAR,in Situ,Entre 130 e 260 USD,69900
Slovak Republic,RAR,in Situ,<USD 40/kgU,0
Slovak Republic,RAR,in Situ,Entre 40 e 80 USD,10900
Slovak Republic,RAR,in Situ,Entre 80 e 130 USD,0
Slovak Republic,RAR,in Situ,Entre 130 e 260 USD,0
Slovenia,RAR,in Situ,<USD 40/kgU,0
Slovenia,RAR,in Situ,Entre 40 e 80 USD,2200
Slovenia,RAR,in Situ,Entre 80 e 130 USD,0
Slovenia,RAR,in Situ,Entre 130 e 260 USD,0
Somalia,RAR,in Situ,<USD 40/kgU,0
Somalia,RAR,in Situ,Entre 40 e 80 USD,0
Somalia,RAR,in Situ,Entre 80 e 130 USD,0
Somalia,RAR,in Situ,Entre 130 e 260 USD,3500
South Africa,RAR,in Situ,<USD 40/kgU,0
South Africa,RAR,in Situ,Entre 40 e 80 USD,229400
South Africa,RAR,in Situ,Entre 80 e 130 USD,95200
South Africa,RAR,in Situ,Entre 130 e 260 USD,26900
Spain,RAR,in Situ,<USD 40/kgU,9800
Spain,RAR,in Situ,Entre 40 e 80 USD,13200
Spain,RAR,in Situ,Entre 80 e 130 USD,0
Spain,RAR,in Situ,Entre 130 e 260 USD,0
Sweden,RAR,in Situ,<USD 40/kgU,0
Sweden,RAR,in Situ,Entre 40 e 80 USD,0
Sweden,RAR,in Situ,Entre 80 e 130 USD,6500
Sweden,RAR,in Situ,Entre 130 e 260 USD,0
Tanzania,RAR,in Situ,<USD 40/kgU,0
Tanzania,RAR,in Situ,Entre 40 e 80 USD,47900
Tanzania,RAR,in Situ,Entre 80 e 130 USD,1700
Tanzania,RAR,in Situ,Entre 130 e 260 USD,0
Turkey,RAR,in Situ,<USD 40/kgU,0
Turkey,RAR,in Situ,Entre 40 e 80 USD,0
Turkey,RAR,in Situ,Entre 80 e 130 USD,0
Turkey,RAR,in Situ,Entre 130 e 260 USD,0
Ukraine,RAR,in Situ,<USD 40/kgU,0
Ukraine,RAR,in Situ,Entre 40 e 80 USD,51800
Ukraine,RAR,in Situ,Entre 80 e 130 USD,31900
Ukraine,RAR,in Situ,Entre 130 e 260 USD,53500
United States,RAR,in Situ,<USD 40/kgU,0
United States,RAR,in Situ,Entre 40 e 80 USD,12000
United States,RAR,in Situ,Entre 80 e 130 USD,67200
United States,RAR,in Situ,Entre 130 e 260 USD,70300
Uzbekistan,RAR,in Situ,<USD 40/kgU,34100
Uzbekistan,RAR,in Situ,Entre 40 e 80 USD,0
Uzbekistan,RAR,in Situ,Entre 80 e 130 USD,27700
Uzbekistan,RAR,in Situ,Entre 130 e 260 USD,0
Viet Nam,RAR,in Situ,<USD 40/kgU,0
Viet Nam,RAR,in Situ,Entre 40 e 80 USD,0
Viet Nam,RAR,in Situ,Entre 80 e 130 USD,0
Viet Nam,RAR,in Situ,Entre 130 e 260 USD,1200
Zambia,RAR,in Situ,<USD 40/kgU,0
Zambia,RAR,in Situ,Entre 40 e 80 USD,0
Zambia,RAR,in Situ,Entre 80 e 130 USD,14100
Zambia,RAR,in Situ,Entre 130 e 260 USD,0
Zimbabwe,RAR,in Situ,<USD 40/kgU,0
Zimbabwe,RAR,in Situ,Entre 40 e 80 USD,0
Zimbabwe,RAR,in Situ,Entre 80 e 130 USD,0
Zimbabwe,RAR,in Situ,Entre 130 e 260 USD,1800
Algeria,RAR,Recoverable,<USD 40/kgU,0
Algeria,RAR,Recoverable,Entre 40 e 80 USD,0
Algeria,RAR,Recoverable,Entre 80 e 130 USD,0
Algeria,RAR,Recoverable,Entre 130 e 260 USD,19500
Argentina,RAR,Recoverable,<USD 40/kgU,0
Argentina,RAR,Recoverable,Entre 40 e 80 USD,7000
Argentina,RAR,Recoverable,Entre 80 e 130 USD,3500
Argentina,RAR,Recoverable,Entre 130 e 260 USD,0
Australia,RAR,Recoverable,<USD 40/kgU,0
Australia,RAR,Recoverable,Entre 40 e 80 USD,0
Australia,RAR,Recoverable,Entre 80 e 130 USD,1238700
Australia,RAR,Recoverable,Entre 130 e 260 USD,79100
Botswana,RAR,Recoverable,<USD 40/kgU,0
Botswana,RAR,Recoverable,Entre 40 e 80 USD,0
Botswana,RAR,Recoverable,Entre 80 e 130 USD,20400
Botswana,RAR,Recoverable,Entre 130 e 260 USD,0
Brazil,RAR,Recoverable,<USD 40/kgU,138100
Brazil,RAR,Recoverable,Entre 40 e 80 USD,17800
Brazil,RAR,Recoverable,Entre 80 e 130 USD,0
Brazil,RAR,Recoverable,Entre 130 e 260 USD,0
Canada,RAR,Recoverable,<USD 40/kgU,0
Canada,RAR,Recoverable,Entre 40 e 80 USD,282300
Canada,RAR,Recoverable,Entre 80 e 130 USD,207400
Canada,RAR,Recoverable,Entre 130 e 260 USD,159300
Chile,RAR,Recoverable,<USD 40/kgU,0
Chile,RAR,Recoverable,Entre 40 e 80 USD,0
Chile,RAR,Recoverable,Entre 80 e 130 USD,0
Chile,RAR,Recoverable,Entre 130 e 260 USD,600
China,RAR,Recoverable,<USD 40/kgU,31800
China,RAR,Recoverable,Entre 40 e 80 USD,23800
China,RAR,Recoverable,Entre 80 e 130 USD,52000
China,RAR,Recoverable,Entre 130 e 260 USD,3500
Congo Dem Rep of,RAR,Recoverable,<USD 40/kgU,0
Congo Dem Rep of,RAR,Recoverable,Entre 40 e 80 USD,0
Congo Dem Rep of,RAR,Recoverable,Entre 80 e 130 USD,0
Congo Dem Rep of,RAR,Recoverable,Entre 130 e 260 USD,1400
Czech Republic,RAR,Recoverable,<USD 40/kgU,0
Czech Republic,RAR,Recoverable,Entre 40 e 80 USD,0
Czech Republic,RAR,Recoverable,Entre 80 e 130 USD,800
Czech Republic,RAR,Recoverable,Entre 130 e 260 USD,50000
Denmark/Greenland,RAR,Recoverable,<USD 40/kgU,0
Denmark/Greenland,RAR,Recoverable,Entre 40 e 80 USD,0
Denmark/Greenland,RAR,Recoverable,Entre 80 e 130 USD,0
Denmark/Greenland,RAR,Recoverable,Entre 130 e 260 USD,51400
Finland,RAR,Recoverable,<USD 40/kgU,0
Finland,RAR,Recoverable,Entre 40 e 80 USD,0
Finland,RAR,Recoverable,Entre 80 e 130 USD,1200
Finland,RAR,Recoverable,Entre 130 e 260 USD,0
Gabon,RAR,Recoverable,<USD 40/kgU,0
Gabon,RAR,Recoverable,Entre 40 e 80 USD,0
Gabon,RAR,Recoverable,Entre 80 e 130 USD,4800
Gabon,RAR,Recoverable,Entre 130 e 260 USD,0
Germany,RAR,Recoverable,<USD 40/kgU,0
Germany,RAR,Recoverable,Entre 40 e 80 USD,0
Germany,RAR,Recoverable,Entre 80 e 130 USD,0
Germany,RAR,Recoverable,Entre 130 e 260 USD,3000
Greece,RAR,Recoverable,<USD 40/kgU,0
Greece,RAR,Recoverable,Entre 40 e 80 USD,0
Greece,RAR,Recoverable,Entre 80 e 130 USD,0
Greece,RAR,Recoverable,Entre 130 e 260 USD,1000
Guyana,RAR,Recoverable,<USD 40/kgU,0
Guyana,RAR,Recoverable,Entre 40 e 80 USD,0
Guyana,RAR,Recoverable,Entre 80 e 130 USD,0
Guyana,RAR,Recoverable,Entre 130 e 260 USD,2400
India,RAR,Recoverable,<USD 40/kgU,0
India,RAR,Recoverable,Entre 40 e 80 USD,0
India,RAR,Recoverable,Entre 80 e 130 USD,0
India,RAR,Recoverable,Entre 130 e 260 USD,213000
Indonesia,RAR,Recoverable,<USD 40/kgU,0
Indonesia,RAR,Recoverable,Entre 40 e 80 USD,1500
Indonesia,RAR,Recoverable,Entre 80 e 130 USD,4000
Indonesia,RAR,Recoverable,Entre 130 e 260 USD,0
Iran Islamic Rep of,RAR,Recoverable,<USD 40/kgU,0
Iran Islamic Rep of,RAR,Recoverable,Entre 40 e 80 USD,0
Iran Islamic Rep of,RAR,Recoverable,Entre 80 e 130 USD,3200
Iran Islamic Rep of,RAR,Recoverable,Entre 130 e 260 USD,0
Italy,RAR,Recoverable,<USD 40/kgU,0
Italy,RAR,Recoverable,Entre 40 e 80 USD,4800
Italy,RAR,Recoverable,Entre 80 e 130 USD,0
Italy,RAR,Recoverable,Entre 130 e 260 USD,0
Japan,RAR,Recoverable,<USD 40/kgU,0
Japan,RAR,Recoverable,Entre 40 e 80 USD,0
Japan,RAR,Recoverable,Entre 80 e 130 USD,6600
Japan,RAR,Recoverable,Entre 130 e 260 USD,0
Jordan,RAR,Recoverable,<USD 40/kgU,0
Jordan,RAR,Recoverable,Entre 40 e 80 USD,0
Jordan,RAR,Recoverable,Entre 80 e 130 USD,6000
Jordan,RAR,Recoverable,Entre 130 e 260 USD,0
Kazakhstan,RAR,Recoverable,<USD 40/kgU,252000
Kazakhstan,RAR,Recoverable,Entre 40 e 80 USD,64400
Kazakhstan,RAR,Recoverable,Entre 80 e 130 USD,51400
Kazakhstan,RAR,Recoverable,Entre 130 e 260 USD,19600
Malawi,RAR,Recoverable,<USD 40/kgU,0
Malawi,RAR,Recoverable,Entre 40 e 80 USD,0
Malawi,RAR,Recoverable,Entre 80 e 130 USD,7700
Malawi,RAR,Recoverable,Entre 130 e 260 USD,4300
Mali,RAR,Recoverable,<USD 40/kgU,0
Mali,RAR,Recoverable,Entre 40 e 80 USD,0
Mali,RAR,Recoverable,Entre 80 e 130 USD,5000
Mali,RAR,Recoverable,Entre 130 e 260 USD,0
Mauritania,RAR,Recoverable,<USD 40/kgU,0
Mauritania,RAR,Recoverable,Entre 40 e 80 USD,0
Mauritania,RAR,Recoverable,Entre 80 e 130 USD,6500
Mauritania,RAR,Recoverable,Entre 130 e 260 USD,200
Mexico,RAR,Recoverable,<USD 40/kgU,0
Mexico,RAR,Recoverable,Entre 40 e 80 USD,0
Mexico,RAR,Recoverable,Entre 80 e 130 USD,1800
Mexico,RAR,Recoverable,Entre 130 e 260 USD,0
Mongolia,RAR,Recoverable,<USD 40/kgU,0
Mongolia,RAR,Recoverable,Entre 40 e 80 USD,7600
Mongolia,RAR,Recoverable,Entre 80 e 130 USD,-1000
Mongolia,RAR,Recoverable,Entre 130 e 260 USD,0
Namibia,RAR,Recoverable,<USD 40/kgU,0
Namibia,RAR,Recoverable,Entre 40 e 80 USD,11800
Namibia,RAR,Recoverable,Entre 80 e 130 USD,295400
Namibia,RAR,Recoverable,Entre 130 e 260 USD,15600
Niger,RAR,Recoverable,<USD 40/kgU,14600
Niger,RAR,Recoverable,Entre 40 e 80 USD,242900
Niger,RAR,Recoverable,Entre 80 e 130 USD,77300
Niger,RAR,Recoverable,Entre 130 e 260 USD,-334800
Paraguay,RAR,Recoverable,<USD 40/kgU,0
Paraguay,RAR,Recoverable,Entre 40 e 80 USD,0
Paraguay,RAR,Recoverable,Entre 80 e 130 USD,3000
Paraguay,RAR,Recoverable,Entre 130 e 260 USD,0
Peru,RAR,Recoverable,<USD 40/kgU,0
Peru,RAR,Recoverable,Entre 40 e 80 USD,14000
Peru,RAR,Recoverable,Entre 80 e 130 USD,0
Peru,RAR,Recoverable,Entre 130 e 260 USD,0
Portugal,RAR,Recoverable,<USD 40/kgU,0
Portugal,RAR,Recoverable,Entre 40 e 80 USD,3600
Portugal,RAR,Recoverable,Entre 80 e 130 USD,1200
Portugal,RAR,Recoverable,Entre 130 e 260 USD,0
Romania,RAR,Recoverable,<USD 40/kgU,0
Romania,RAR,Recoverable,Entre 40 e 80 USD,20600
Romania,RAR,Recoverable,Entre 80 e 130 USD,185800
Romania,RAR,Recoverable,Entre 130 e 260 USD,45500
Russia,RAR,Recoverable,<USD 40/kgU,0
Russia,RAR,Recoverable,Entre 40 e 80 USD,8800
Russia,RAR,Recoverable,Entre 80 e 130 USD,0
Russia,RAR,Recoverable,Entre 130 e 260 USD,0
Slovak Republic,RAR,Recoverable,<USD 40/kgU,0
Slovak Republic,RAR,Recoverable,Entre 40 e 80 USD,1700
Slovak Republic,RAR,Recoverable,Entre 80 e 130 USD,0
Slovak Republic,RAR,Recoverable,Entre 130 e 260 USD,0
Slovenia,RAR,Recoverable,<USD 40/kgU,0
Slovenia,RAR,Recoverable,Entre 40 e 80 USD,7200
Slovenia,RAR,Recoverable,Entre 80 e 130 USD,5000
Slovenia,RAR,Recoverable,Entre 130 e 260 USD,0
Somalia,RAR,Recoverable,<USD 40/kgU,0
Somalia,RAR,Recoverable,Entre 40 e 80 USD,0
Somalia,RAR,Recoverable,Entre 80 e 130 USD,0
Somalia,RAR,Recoverable,Entre 130 e 260 USD,5200
South Africa,RAR,Recoverable,<USD 40/kgU,0
South Africa,RAR,Recoverable,Entre 40 e 80 USD,166300
South Africa,RAR,Recoverable,Entre 80 e 130 USD,69700
South Africa,RAR,Recoverable,Entre 130 e 260 USD,19700
Spain,RAR,Recoverable,<USD 40/kgU,8100
Spain,RAR,Recoverable,Entre 40 e 80 USD,11000
Spain,RAR,Recoverable,Entre 80 e 130 USD,0
Spain,RAR,Recoverable,Entre 130 e 260 USD,0
Sweden,RAR,Recoverable,<USD 40/kgU,0
Sweden,RAR,Recoverable,Entre 40 e 80 USD,0
Sweden,RAR,Recoverable,Entre 80 e 130 USD,4900
Sweden,RAR,Recoverable,Entre 130 e 260 USD,0
Tanzania,RAR,Recoverable,<USD 40/kgU,0
Tanzania,RAR,Recoverable,Entre 40 e 80 USD,38300
Tanzania,RAR,Recoverable,Entre 80 e 130 USD,1400
Tanzania,RAR,Recoverable,Entre 130 e 260 USD,0
Turkey,RAR,Recoverable,<USD 40/kgU,0
Turkey,RAR,Recoverable,Entre 40 e 80 USD,0
Turkey,RAR,Recoverable,Entre 80 e 130 USD,0
Turkey,RAR,Recoverable,Entre 130 e 260 USD,0
Ukraine,RAR,Recoverable,<USD 40/kgU,0
Ukraine,RAR,Recoverable,Entre 40 e 80 USD,45000
Ukraine,RAR,Recoverable,Entre 80 e 130 USD,28300
Ukraine,RAR,Recoverable,Entre 130 e 260 USD,47300
United States,RAR,Recoverable,<USD 40/kgU,0
United States,RAR,Recoverable,Entre 40 e 80 USD,9000
United States,RAR,Recoverable,Entre 80 e 130 USD,50400
United States,RAR,Recoverable,Entre 130 e 260 USD,52800
Uzbekistan,RAR,Recoverable,<USD 40/kgU,27200
Uzbekistan,RAR,Recoverable,Entre 40 e 80 USD,0
Uzbekistan,RAR,Recoverable,Entre 80 e 130 USD,22200
Uzbekistan,RAR,Recoverable,Entre 130 e 260 USD,15600
Viet Nam,RAR,Recoverable,<USD 40/kgU,0
Viet Nam,RAR,Recoverable,Entre 40 e 80 USD,0
Viet Nam,RAR,Recoverable,Entre 80 e 130 USD,900
Viet Nam,RAR,Recoverable,Entre 130 e 260 USD,0
Zambia,RAR,Recoverable,<USD 40/kgU,0
Zambia,RAR,Recoverable,Entre 40 e 80 USD,0
Zambia,RAR,Recoverable,Entre 80 e 130 USD,12800
Zambia,RAR,Recoverable,Entre 130 e 260 USD,0
Zimbabwe,RAR,Recoverable,<USD 40/kgU,0
Zimbabwe,RAR,Recoverable,Entre 40 e 80 USD,0
Zimbabwe,RAR,Recoverable,Entre 80 e 130 USD,0
Zimbabwe,RAR,Recoverable,Entre 130 e 260 USD,0
Argentina,Inferred,in Situ,<USD 40/kgU,3200
Argentina,Inferred,in Situ,Entre 40 e 80 USD,13100
Argentina,Inferred,in Situ,Entre 80 e 130 USD,15500
Argentina,Inferred,in Situ,Entre 130 e 260 USD,1300
Australia,Inferred,in Situ,<USD 40/kgU,0
Australia,Inferred,in Situ,Entre 40 e 80 USD,0
Australia,Inferred,in Situ,Entre 80 e 130 USD,700900
Australia,Inferred,in Situ,Entre 130 e 260 USD,284200
Bolivia,Inferred,in Situ,<USD 40/kgU,0
Bolivia,Inferred,in Situ,Entre 40 e 80 USD,0
Bolivia,Inferred,in Situ,Entre 80 e 130 USD,0
Bolivia,Inferred,in Situ,Entre 130 e 260 USD,1700
Botswana,Inferred,in Situ,<USD 40/kgU,0
Botswana,Inferred,in Situ,Entre 40 e 80 USD,0
Botswana,Inferred,in Situ,Entre 80 e 130 USD,107700
Botswana,Inferred,in Situ,Entre 130 e 260 USD,0
Brazil,Inferred,in Situ,<USD 40/kgU,0
Brazil,Inferred,in Situ,Entre 40 e 80 USD,104900
Brazil,Inferred,in Situ,Entre 80 e 130 USD,67700
Brazil,Inferred,in Situ,Entre 130 e 260 USD,0
Canada,Inferred,in Situ,<USD 40/kgU,0
Canada,Inferred,in Situ,Entre 40 e 80 USD,11500
Canada,Inferred,in Situ,Entre 80 e 130 USD,101800
Canada,Inferred,in Situ,Entre 130 e 260 USD,134600
Central African Republic,Inferred,in Situ,<USD 40/kgU,0
Central African Republic,Inferred,in Situ,Entre 40 e 80 USD,0
Central African Republic,Inferred,in Situ,Entre 80 e 130 USD,0
Central African Republic,Inferred,in Situ,Entre 130 e 260 USD,36500
Chad,Inferred,in Situ,<USD 40/kgU,0
Chad,Inferred,in Situ,Entre 40 e 80 USD,0
Chad,Inferred,in Situ,Entre 80 e 130 USD,0
Chad,Inferred,in Situ,Entre 130 e 260 USD,3200
Chile,Inferred,in Situ,<USD 40/kgU,0
Chile,Inferred,in Situ,Entre 40 e 80 USD,0
Chile,Inferred,in Situ,Entre 80 e 130 USD,0
Chile,Inferred,in Situ,Entre 130 e 260 USD,1200
China,Inferred,in Situ,<USD 40/kgU,59200
China,Inferred,in Situ,Entre 40 e 80 USD,49900
China,Inferred,in Situ,Entre 80 e 130 USD,52900
China,Inferred,in Situ,Entre 130 e 260 USD,23000
Congo Dem Rep of,Inferred,in Situ,<USD 40/kgU,0
Congo Dem Rep of,Inferred,in Situ,Entre 40 e 80 USD,0
Congo Dem Rep of,Inferred,in Situ,Entre 80 e 130 USD,0
Congo Dem Rep of,Inferred,in Situ,Entre 130 e 260 USD,1700
Czech Republic,Inferred,in Situ,<USD 40/kgU,0
Czech Republic,Inferred,in Situ,Entre 40 e 80 USD,0
Czech Republic,Inferred,in Situ,Entre 80 e 130 USD,113500
Czech Republic,Inferred,in Situ,Entre 130 e 260 USD,0
Denmark/Greenland,Inferred,in Situ,<USD 40/kgU,0
Denmark/Greenland,Inferred,in Situ,Entre 40 e 80 USD,0
Denmark/Greenland,Inferred,in Situ,Entre 80 e 130 USD,0
Denmark/Greenland,Inferred,in Situ,Entre 130 e 260 USD,125100
Egypt,Inferred,in Situ,<USD 40/kgU,0
Egypt,Inferred,in Situ,Entre 40 e 80 USD,0
Egypt,Inferred,in Situ,Entre 80 e 130 USD,500
Egypt,Inferred,in Situ,Entre 130 e 260 USD,2000
Gabon,Inferred,in Situ,<USD 40/kgU,0
Gabon,Inferred,in Situ,Entre 40 e 80 USD,0
Gabon,Inferred,in Situ,Entre 80 e 130 USD,0
Gabon,Inferred,in Situ,Entre 130 e 260 USD,1300
Germany,Inferred,in Situ,<USD 40/kgU,0
Germany,Inferred,in Situ,Entre 40 e 80 USD,0
Germany,Inferred,in Situ,Entre 80 e 130 USD,0
Germany,Inferred,in Situ,Entre 130 e 260 USD,5300
Greece,Inferred,in Situ,<USD 40/kgU,0
Greece,Inferred,in Situ,Entre 40 e 80 USD,0
Greece,Inferred,in Situ,Entre 80 e 130 USD,0
Greece,Inferred,in Situ,Entre 130 e 260 USD,8000
Guyana,Inferred,in Situ,<USD 40/kgU,0
Guyana,Inferred,in Situ,Entre 40 e 80 USD,0
Guyana,Inferred,in Situ,Entre 80 e 130 USD,0
Guyana,Inferred,in Situ,Entre 130 e 260 USD,2900
Hungary,Inferred,in Situ,<USD 40/kgU,0
Hungary,Inferred,in Situ,Entre 40 e 80 USD,0
Hungary,Inferred,in Situ,Entre 80 e 130 USD,0
Hungary,Inferred,in Situ,Entre 130 e 260 USD,22200
India,Inferred,in Situ,<USD 40/kgU,0
India,Inferred,in Situ,Entre 40 e 80 USD,0
India,Inferred,in Situ,Entre 80 e 130 USD,0
India,Inferred,in Situ,Entre 130 e 260 USD,10500
Indonesia,Inferred,in Situ,<USD 40/kgU,0
Indonesia,Inferred,in Situ,Entre 40 e 80 USD,0
Indonesia,Inferred,in Situ,Entre 80 e 130 USD,4100
Indonesia,Inferred,in Situ,Entre 130 e 260 USD,0
Iran Islamic Rep of,Inferred,in Situ,<USD 40/kgU,0
Iran Islamic Rep of,Inferred,in Situ,Entre 40 e 80 USD,0
Iran Islamic Rep of,Inferred,in Situ,Entre 80 e 130 USD,5500
Iran Islamic Rep of,Inferred,in Situ,Entre 130 e 260 USD,0
Italy,Inferred,in Situ,<USD 40/kgU,0
Italy,Inferred,in Situ,Entre 40 e 80 USD,1700
Italy,Inferred,in Situ,Entre 80 e 130 USD,0
Italy,Inferred,in Situ,Entre 130 e 260 USD,0
Jordan,Inferred,in Situ,<USD 40/kgU,0
Jordan,Inferred,in Situ,Entre 40 e 80 USD,0
Jordan,Inferred,in Situ,Entre 80 e 130 USD,62000
Jordan,Inferred,in Situ,Entre 130 e 260 USD,0
Kazakhstan,Inferred,in Situ,<USD 40/kgU,280800
Kazakhstan,Inferred,in Situ,Entre 40 e 80 USD,186600
Kazakhstan,Inferred,in Situ,Entre 80 e 130 USD,37200
Kazakhstan,Inferred,in Situ,Entre 130 e 260 USD,48000
Malawi,Inferred,in Situ,<USD 40/kgU,0
Malawi,Inferred,in Situ,Entre 40 e 80 USD,0
Malawi,Inferred,in Situ,Entre 80 e 130 USD,2300
Malawi,Inferred,in Situ,Entre 130 e 260 USD,3300
Mali,Inferred,in Situ,<USD 40/kgU,0
Mali,Inferred,in Situ,Entre 40 e 80 USD,0
Mali,Inferred,in Situ,Entre 80 e 130 USD,5200
Mali,Inferred,in Situ,Entre 130 e 260 USD,0
Mauritania,Inferred,in Situ,<USD 40/kgU,0
Mauritania,Inferred,in Situ,Entre 40 e 80 USD,0
Mauritania,Inferred,in Situ,Entre 80 e 130 USD,14300
Mauritania,Inferred,in Situ,Entre 130 e 260 USD,9400
Mexico,Inferred,in Situ,<USD 40/kgU,0
Mexico,Inferred,in Situ,Entre 40 e 80 USD,0
Mexico,Inferred,in Situ,Entre 80 e 130 USD,0
Mexico,Inferred,in Situ,Entre 130 e 260 USD,0
Mongolia,Inferred,in Situ,<USD 40/kgU,0
Mongolia,Inferred,in Situ,Entre 40 e 80 USD,12400
Mongolia,Inferred,in Situ,Entre 80 e 130 USD,91700
Mongolia,Inferred,in Situ,Entre 130 e 260 USD,0
Namibia,Inferred,in Situ,<USD 40/kgU,0
Namibia,Inferred,in Situ,Entre 40 e 80 USD,9200
Namibia,Inferred,in Situ,Entre 80 e 130 USD,323800
Namibia,Inferred,in Situ,Entre 130 e 260 USD,180800
Niger,Inferred,in Situ,<USD 40/kgU,0
Niger,Inferred,in Situ,Entre 40 e 80 USD,44800
Niger,Inferred,in Situ,Entre 80 e 130 USD,21400
Niger,Inferred,in Situ,Entre 130 e 260 USD,106400
Paraguay,Inferred,in Situ,<USD 40/kgU,0
Paraguay,Inferred,in Situ,Entre 40 e 80 USD,0
Paraguay,Inferred,in Situ,Entre 80 e 130 USD,1600
Paraguay,Inferred,in Situ,Entre 130 e 260 USD,0
Peru,Inferred,in Situ,<USD 40/kgU,0
Peru,Inferred,in Situ,Entre 40 e 80 USD,27700
Peru,Inferred,in Situ,Entre 80 e 130 USD,0
Peru,Inferred,in Situ,Entre 130 e 260 USD,0
Portugal,Inferred,in Situ,<USD 40/kgU,0
Portugal,Inferred,in Situ,Entre 40 e 80 USD,0
Portugal,Inferred,in Situ,Entre 80 e 130 USD,1000
Portugal,Inferred,in Situ,Entre 130 e 260 USD,0
Romania,Inferred,in Situ,<USD 40/kgU,0
Romania,Inferred,in Situ,Entre 40 e 80 USD,0
Romania,Inferred,in Situ,Entre 80 e 130 USD,4800
Romania,Inferred,in Situ,Entre 130 e 260 USD,0
Russia,Inferred,in Situ,<USD 40/kgU,0
Russia,Inferred,in Situ,Entre 40 e 80 USD,19200
Russia,Inferred,in Situ,Entre 80 e 130 USD,313800
Russia,Inferred,in Situ,Entre 130 e 260 USD,180800
Senegal,Inferred,in Situ,<USD 40/kgU,0
Senegal,Inferred,in Situ,Entre 40 e 80 USD,0
Senegal,Inferred,in Situ,Entre 80 e 130 USD,0
Senegal,Inferred,in Situ,Entre 130 e 260 USD,1500
Slovak Republic,Inferred,in Situ,<USD 40/kgU,0
Slovak Republic,Inferred,in Situ,Entre 40 e 80 USD,4900
Slovak Republic,Inferred,in Situ,Entre 80 e 130 USD,3500
Slovak Republic,Inferred,in Situ,Entre 130 e 260 USD,0
Slovenia,Inferred,in Situ,<USD 40/kgU,0
Slovenia,Inferred,in Situ,Entre 40 e 80 USD,5000
Slovenia,Inferred,in Situ,Entre 80 e 130 USD,5000
Slovenia,Inferred,in Situ,Entre 130 e 260 USD,0
Somalia,Inferred,in Situ,<USD 40/kgU,0
Somalia,Inferred,in Situ,Entre 40 e 80 USD,0
Somalia,Inferred,in Situ,Entre 80 e 130 USD,0
Somalia,Inferred,in Situ,Entre 130 e 260 USD,3500
South Africa,Inferred,in Situ,<USD 40/kgU,0
South Africa,Inferred,in Situ,Entre 40 e 80 USD,82200
South Africa,Inferred,in Situ,Entre 80 e 130 USD,30000
South Africa,Inferred,in Situ,Entre 130 e 260 USD,148400
Spain,Inferred,in Situ,<USD 40/kgU,0
Spain,Inferred,in Situ,Entre 40 e 80 USD,11400
Spain,Inferred,in Situ,Entre 80 e 130 USD,0
Spain,Inferred,in Situ,Entre 130 e 260 USD,0
Sweden,Inferred,in Situ,<USD 40/kgU,0
Sweden,Inferred,in Situ,Entre 40 e 80 USD,0
Sweden,Inferred,in Situ,Entre 80 e 130 USD,6300
Sweden,Inferred,in Situ,Entre 130 e 260 USD,0
Tanzania,Inferred,in Situ,<USD 40/kgU,0
Tanzania,Inferred,in Situ,Entre 40 e 80 USD,10600
Tanzania,Inferred,in Situ,Entre 80 e 130 USD,12400
Tanzania,Inferred,in Situ,Entre 130 e 260 USD,0
Turkey,Inferred,in Situ,<USD 40/kgU,0
Turkey,Inferred,in Situ,Entre 40 e 80 USD,0
Turkey,Inferred,in Situ,Entre 80 e 130 USD,0
Turkey,Inferred,in Situ,Entre 130 e 260 USD,0
Ukraine,Inferred,in Situ,<USD 40/kgU,0
Ukraine,Inferred,in Situ,Entre 40 e 80 USD,30200
Ukraine,Inferred,in Situ,Entre 80 e 130 USD,8000
Ukraine,Inferred,in Situ,Entre 130 e 260 USD,35700
Uzbekistan,Inferred,in Situ,<USD 40/kgU,31100
Uzbekistan,Inferred,in Situ,Entre 40 e 80 USD,0
Uzbekistan,Inferred,in Situ,Entre 80 e 130 USD,77400
Uzbekistan,Inferred,in Situ,Entre 130 e 260 USD,0
Viet Nam,Inferred,in Situ,<USD 40/kgU,0
Viet Nam,Inferred,in Situ,Entre 40 e 80 USD,0
Viet Nam,Inferred,in Situ,Entre 80 e 130 USD,0
Viet Nam,Inferred,in Situ,Entre 130 e 260 USD,4000
Zambia,Inferred,in Situ,<USD 40/kgU,0
Zambia,Inferred,in Situ,Entre 40 e 80 USD,0
Zambia,Inferred,in Situ,Entre 80 e 130 USD,20100
Zambia,Inferred,in Situ,Entre 130 e 260 USD,0
Argentina,Inferred,Recoverable,<USD 40/kgU,2400
Argentina,Inferred,Recoverable,Entre 40 e 80 USD,9900
Argentina,Inferred,Recoverable,Entre 80 e 130 USD,11500
Argentina,Inferred,Recoverable,Entre 130 e 260 USD,1000
Australia,Inferred,Recoverable,<USD 40/kgU,0
Australia,Inferred,Recoverable,Entre 40 e 80 USD,0
Australia,Inferred,Recoverable,Entre 80 e 130 USD,445400
Australia,Inferred,Recoverable,Entre 130 e 260 USD,196600
Bolivia,Inferred,Recoverable,<USD 40/kgU,0
Bolivia,Inferred,Recoverable,Entre 40 e 80 USD,0
Bolivia,Inferred,Recoverable,Entre 80 e 130 USD,0
Bolivia,Inferred,Recoverable,Entre 130 e 260 USD,1400
Botswana,Inferred,Recoverable,<USD 40/kgU,0
Botswana,Inferred,Recoverable,Entre 40 e 80 USD,0
Botswana,Inferred,Recoverable,Entre 80 e 130 USD,66800
Botswana,Inferred,Recoverable,Entre 130 e 260 USD,0
Brazil,Inferred,Recoverable,<USD 40/kgU,0
Brazil,Inferred,Recoverable,Entre 40 e 80 USD,73500
Brazil,Inferred,Recoverable,Entre 80 e 130 USD,47400
Brazil,Inferred,Recoverable,Entre 130 e 260 USD,0
Canada,Inferred,Recoverable,<USD 40/kgU,0
Canada,Inferred,Recoverable,Entre 40 e 80 USD,10000
Canada,Inferred,Recoverable,Entre 80 e 130 USD,88900
Canada,Inferred,Recoverable,Entre 130 e 260 USD,117500
Central African Republic,Inferred,Recoverable,<USD 40/kgU,0
Central African Republic,Inferred,Recoverable,Entre 40 e 80 USD,0
Central African Republic,Inferred,Recoverable,Entre 80 e 130 USD,0
Central African Republic,Inferred,Recoverable,Entre 130 e 260 USD,29200
Chad,Inferred,Recoverable,<USD 40/kgU,0
Chad,Inferred,Recoverable,Entre 40 e 80 USD,0
Chad,Inferred,Recoverable,Entre 80 e 130 USD,0
Chad,Inferred,Recoverable,Entre 130 e 260 USD,2400
Chile,Inferred,Recoverable,<USD 40/kgU,0
Chile,Inferred,Recoverable,Entre 40 e 80 USD,0
Chile,Inferred,Recoverable,Entre 80 e 130 USD,0
Chile,Inferred,Recoverable,Entre 130 e 260 USD,900
China,Inferred,Recoverable,<USD 40/kgU,41400
China,Inferred,Recoverable,Entre 40 e 80 USD,35500
China,Inferred,Recoverable,Entre 80 e 130 USD,39500
China,Inferred,Recoverable,Entre 130 e 260 USD,17200
Congo Dem Rep of,Inferred,Recoverable,<USD 40/kgU,0
Congo Dem Rep of,Inferred,Recoverable,Entre 40 e 80 USD,0
Congo Dem Rep of,Inferred,Recoverable,Entre 80 e 130 USD,0
Congo Dem Rep of,Inferred,Recoverable,Entre 130 e 260 USD,1300
Czech Republic,Inferred,Recoverable,<USD 40/kgU,0
Czech Republic,Inferred,Recoverable,Entre 40 e 80 USD,0
Czech Republic,Inferred,Recoverable,Entre 80 e 130 USD,0
Czech Republic,Inferred,Recoverable,Entre 130 e 260 USD,68300
Denmark/Greenland,Inferred,Recoverable,<USD 40/kgU,0
Denmark/Greenland,Inferred,Recoverable,Entre 40 e 80 USD,0
Denmark/Greenland,Inferred,Recoverable,Entre 80 e 130 USD,0
Denmark/Greenland,Inferred,Recoverable,Entre 130 e 260 USD,62600
Egypt,Inferred,Recoverable,<USD 40/kgU,0
Egypt,Inferred,Recoverable,Entre 40 e 80 USD,0
Egypt,Inferred,Recoverable,Entre 80 e 130 USD,400
Egypt,Inferred,Recoverable,Entre 130 e 260 USD,1500
Gabon,Inferred,Recoverable,<USD 40/kgU,0
Gabon,Inferred,Recoverable,Entre 40 e 80 USD,0
Gabon,Inferred,Recoverable,Entre 80 e 130 USD,0
Gabon,Inferred,Recoverable,Entre 130 e 260 USD,1000
Germany,Inferred,Recoverable,<USD 40/kgU,0
Germany,Inferred,Recoverable,Entre 40 e 80 USD,0
Germany,Inferred,Recoverable,Entre 80 e 130 USD,0
Germany,Inferred,Recoverable,Entre 130 e 260 USD,4000
Greece,Inferred,Recoverable,<USD 40/kgU,0
Greece,Inferred,Recoverable,Entre 40 e 80 USD,0
Greece,Inferred,Recoverable,Entre 80 e 130 USD,0
Greece,Inferred,Recoverable,Entre 130 e 260 USD,6000
Guyana,Inferred,Recoverable,<USD 40/kgU,0
Guyana,Inferred,Recoverable,Entre 40 e 80 USD,0
Guyana,Inferred,Recoverable,Entre 80 e 130 USD,0
Guyana,Inferred,Recoverable,Entre 130 e 260 USD,2200
Hungary,Inferred,Recoverable,<USD 40/kgU,0
Hungary,Inferred,Recoverable,Entre 40 e 80 USD,0
Hungary,Inferred,Recoverable,Entre 80 e 130 USD,0
Hungary,Inferred,Recoverable,Entre 130 e 260 USD,8000
India,Inferred,Recoverable,<USD 40/kgU,0
India,Inferred,Recoverable,Entre 40 e 80 USD,0
India,Inferred,Recoverable,Entre 80 e 130 USD,0
India,Inferred,Recoverable,Entre 130 e 260 USD,8000
Indonesia,Inferred,Recoverable,<USD 40/kgU,0
Indonesia,Inferred,Recoverable,Entre 40 e 80 USD,0
Indonesia,Inferred,Recoverable,Entre 80 e 130 USD,3000
Indonesia,Inferred,Recoverable,Entre 130 e 260 USD,0
Iran Islamic Rep of,Inferred,Recoverable,<USD 40/kgU,0
Iran Islamic Rep of,Inferred,Recoverable,Entre 40 e 80 USD,0
Iran Islamic Rep of,Inferred,Recoverable,Entre 80 e 130 USD,4200
Iran Islamic Rep of,Inferred,Recoverable,Entre 130 e 260 USD,0
Italy,Inferred,Recoverable,<USD 40/kgU,0
Italy,Inferred,Recoverable,Entre 40 e 80 USD,1300
Italy,Inferred,Recoverable,Entre 80 e 130 USD,0
Italy,Inferred,Recoverable,Entre 130 e 260 USD,0
Jordan,Inferred,Recoverable,<USD 40/kgU,0
Jordan,Inferred,Recoverable,Entre 40 e 80 USD,0
Jordan,Inferred,Recoverable,Entre 80 e 130 USD,46500
Jordan,Inferred,Recoverable,Entre 130 e 260 USD,0
Kazakhstan,Inferred,Recoverable,<USD 40/kgU,250000
Kazakhstan,Inferred,Recoverable,Entre 40 e 80 USD,165700
Kazakhstan,Inferred,Recoverable,Entre 80 e 130 USD,31800
Kazakhstan,Inferred,Recoverable,Entre 130 e 260 USD,39800
Malawi,Inferred,Recoverable,<USD 40/kgU,0
Malawi,Inferred,Recoverable,Entre 40 e 80 USD,0
Malawi,Inferred,Recoverable,Entre 80 e 130 USD,1800
Malawi,Inferred,Recoverable,Entre 130 e 260 USD,2500
Mali,Inferred,Recoverable,<USD 40/kgU,0
Mali,Inferred,Recoverable,Entre 40 e 80 USD,0
Mali,Inferred,Recoverable,Entre 80 e 130 USD,3900
Mali,Inferred,Recoverable,Entre 130 e 260 USD,0
Mauritania,Inferred,Recoverable,<USD 40/kgU,0
Mauritania,Inferred,Recoverable,Entre 40 e 80 USD,0
Mauritania,Inferred,Recoverable,Entre 80 e 130 USD,12300
Mauritania,Inferred,Recoverable,Entre 130 e 260 USD,7000
Mexico,Inferred,Recoverable,<USD 40/kgU,0
Mexico,Inferred,Recoverable,Entre 40 e 80 USD,0
Mexico,Inferred,Recoverable,Entre 80 e 130 USD,1800
Mexico,Inferred,Recoverable,Entre 130 e 260 USD,1400
Mongolia,Inferred,Recoverable,<USD 40/kgU,0
Mongolia,Inferred,Recoverable,Entre 40 e 80 USD,9300
Mongolia,Inferred,Recoverable,Entre 80 e 130 USD,69100
Mongolia,Inferred,Recoverable,Entre 130 e 260 USD,0
Namibia,Inferred,Recoverable,<USD 40/kgU,0
Namibia,Inferred,Recoverable,Entre 40 e 80 USD,7900
Namibia,Inferred,Recoverable,Entre 80 e 130 USD,155000
Namibia,Inferred,Recoverable,Entre 130 e 260 USD,23800
Niger,Inferred,Recoverable,<USD 40/kgU,0
Niger,Inferred,Recoverable,Entre 40 e 80 USD,53600
Niger,Inferred,Recoverable,Entre 80 e 130 USD,79600
Niger,Inferred,Recoverable,Entre 130 e 260 USD,-133200
Paraguay,Inferred,Recoverable,<USD 40/kgU,0
Paraguay,Inferred,Recoverable,Entre 40 e 80 USD,0
Paraguay,Inferred,Recoverable,Entre 80 e 130 USD,1400
Paraguay,Inferred,Recoverable,Entre 130 e 260 USD,0
Peru,Inferred,Recoverable,<USD 40/kgU,0
Peru,Inferred,Recoverable,Entre 40 e 80 USD,19400
Peru,Inferred,Recoverable,Entre 80 e 130 USD,0
Peru,Inferred,Recoverable,Entre 130 e 260 USD,0
Portugal,Inferred,Recoverable,<USD 40/kgU,0
Portugal,Inferred,Recoverable,Entre 40 e 80 USD,0
Portugal,Inferred,Recoverable,Entre 80 e 130 USD,800
Portugal,Inferred,Recoverable,Entre 130 e 260 USD,0
Romania,Inferred,Recoverable,<USD 40/kgU,0
Romania,Inferred,Recoverable,Entre 40 e 80 USD,3600
Romania,Inferred,Recoverable,Entre 80 e 130 USD,0
Romania,Inferred,Recoverable,Entre 130 e 260 USD,0
Russia,Inferred,Recoverable,<USD 40/kgU,0
Russia,Inferred,Recoverable,Entre 40 e 80 USD,14400
Russia,Inferred,Recoverable,Entre 80 e 130 USD,260100
Russia,Inferred,Recoverable,Entre 130 e 260 USD,130500
Senegal,Inferred,Recoverable,<USD 40/kgU,0
Senegal,Inferred,Recoverable,Entre 40 e 80 USD,0
Senegal,Inferred,Recoverable,Entre 80 e 130 USD,1100
Senegal,Inferred,Recoverable,Entre 130 e 260 USD,0
Slovak Republic,Inferred,Recoverable,<USD 40/kgU,0
Slovak Republic,Inferred,Recoverable,Entre 40 e 80 USD,3900
Slovak Republic,Inferred,Recoverable,Entre 80 e 130 USD,2800
Slovak Republic,Inferred,Recoverable,Entre 130 e 260 USD,0
Slovenia,Inferred,Recoverable,<USD 40/kgU,0
Slovenia,Inferred,Recoverable,Entre 40 e 80 USD,3800
Slovenia,Inferred,Recoverable,Entre 80 e 130 USD,3700
Slovenia,Inferred,Recoverable,Entre 130 e 260 USD,0
Somalia,Inferred,Recoverable,<USD 40/kgU,0
Somalia,Inferred,Recoverable,Entre 40 e 80 USD,0
Somalia,Inferred,Recoverable,Entre 80 e 130 USD,2600
Somalia,Inferred,Recoverable,Entre 130 e 260 USD,0
South Africa,Inferred,Recoverable,<USD 40/kgU,0
South Africa,Inferred,Recoverable,Entre 40 e 80 USD,61700
South Africa,Inferred,Recoverable,Entre 80 e 130 USD,23100
South Africa,Inferred,Recoverable,Entre 130 e 260 USD,104200
Spain,Inferred,Recoverable,<USD 40/kgU,0
Spain,Inferred,Recoverable,Entre 40 e 80 USD,9400
Spain,Inferred,Recoverable,Entre 80 e 130 USD,0
Spain,Inferred,Recoverable,Entre 130 e 260 USD,0
Sweden,Inferred,Recoverable,<USD 40/kgU,0
Sweden,Inferred,Recoverable,Entre 40 e 80 USD,0
Sweden,Inferred,Recoverable,Entre 80 e 130 USD,4700
Sweden,Inferred,Recoverable,Entre 130 e 260 USD,0
Tanzania,Inferred,Recoverable,<USD 40/kgU,0
Tanzania,Inferred,Recoverable,Entre 40 e 80 USD,8500
Tanzania,Inferred,Recoverable,Entre 80 e 130 USD,10000
Tanzania,Inferred,Recoverable,Entre 130 e 260 USD,0
Turkey,Inferred,Recoverable,<USD 40/kgU,0
Turkey,Inferred,Recoverable,Entre 40 e 80 USD,8700
Turkey,Inferred,Recoverable,Entre 80 e 130 USD,1000
Turkey,Inferred,Recoverable,Entre 130 e 260 USD,0
Ukraine,Inferred,Recoverable,<USD 40/kgU,0
Ukraine,Inferred,Recoverable,Entre 40 e 80 USD,26700
Ukraine,Inferred,Recoverable,Entre 80 e 130 USD,6600
Ukraine,Inferred,Recoverable,Entre 130 e 260 USD,31500
Uzbekistan,Inferred,Recoverable,<USD 40/kgU,24900
Uzbekistan,Inferred,Recoverable,Entre 40 e 80 USD,0
Uzbekistan,Inferred,Recoverable,Entre 80 e 130 USD,57200
Uzbekistan,Inferred,Recoverable,Entre 130 e 260 USD,0
Viet Nam,Inferred,Recoverable,<USD 40/kgU,0
Viet Nam,Inferred,Recoverable,Entre 40 e 80 USD,0
Viet Nam,Inferred,Recoverable,Entre 80 e 130 USD,0
Viet Nam,Inferred,Recoverable,Entre 130 e 260 USD,900
Zambia,Inferred,Recoverable,<USD 40/kgU,0
Zambia,Inferred,Recoverable,Entre 40 e 80 USD,0
Zambia,Inferred,Recoverable,Entre 80 e 130 USD,12800
Zambia,Inferred,Recoverable,Entre 130 e 260 USD,0
Zimbabwe,Inferred,Recoverable,<USD 40/kgU,0
Zimbabwe,Inferred,Recoverable,Entre 40 e 80 USD,0
Zimbabwe,Inferred,Recoverable,Entre 80 e 130 USD,0
Zimbabwe,Inferred,Recoverable,Entre 130 e 260 USD,0