Country,Probabilidade,Disponibilidade,Preço,Urânio (Ton.)
Algeria,RAR,in Situ,<USD 40/kgU,0
Algeria,RAR,in Situ,<USD 80/kgU,0
Algeria,RAR,in Situ,<USD 130/kgU,0
Algeria,RAR,in Situ,<USD 260/kgU,26000
Algeria,RAR,Recoverable,<USD 40/kgU,0
Algeria,RAR,Recoverable,<USD 80/kgU,0
Algeria,RAR,Recoverable,<USD 130/kgU,0
Algeria,RAR,Recoverable,<USD 260/kgU,19500
Argentina,Inferred,in Situ,<USD 40/kgU,3200
Argentina,Inferred,in Situ,<USD 80/kgU,16300
Argentina,Inferred,in Situ,<USD 130/kgU,31800
Argentina,Inferred,in Situ,<USD 260/kgU,33100
Argentina,RAR,in Situ,<USD 40/kgU,0
Argentina,RAR,in Situ,<USD 80/kgU,9600
Argentina,RAR,in Situ,<USD 130/kgU,14400
Argentina,RAR,in Situ,<USD 260/kgU,14400
Argentina,RAR,Recoverable,<USD 40/kgU,0
Argentina,RAR,Recoverable,<USD 80/kgU,7000
Argentina,RAR,Recoverable,<USD 130/kgU,10500
Argentina,RAR,Recoverable,<USD 260/kgU,10500
Argentina,Inferred,Recoverable,<USD 40/kgU,2400
Argentina,Inferred,Recoverable,<USD 80/kgU,12300
Argentina,Inferred,Recoverable,<USD 130/kgU,23800
Argentina,Inferred,Recoverable,<USD 260/kgU,24800
Australia,Inferred,in Situ,<USD 40/kgU,0
Australia,Inferred,in Situ,<USD 80/kgU,0
Australia,Inferred,in Situ,<USD 130/kgU,700900
Australia,Inferred,in Situ,<USD 260/kgU,985100
Australia,RAR,Recoverable,<USD 40/kgU,0
Australia,RAR,Recoverable,<USD 80/kgU,0
Australia,RAR,Recoverable,<USD 130/kgU,1238700
Australia,RAR,Recoverable,<USD 260/kgU,1317800
Australia,Inferred,Recoverable,<USD 40/kgU,0
Australia,Inferred,Recoverable,<USD 80/kgU,0
Australia,Inferred,Recoverable,<USD 130/kgU,445400
Australia,Inferred,Recoverable,<USD 260/kgU,642000
Australia,RAR,in Situ,<USD 40/kgU,0
Australia,RAR,in Situ,<USD 80/kgU,0
Australia,RAR,in Situ,<USD 130/kgU,1907500
Australia,RAR,in Situ,<USD 260/kgU,2076300
Bolivia,Inferred,in Situ,<USD 40/kgU,0
Bolivia,Inferred,in Situ,<USD 80/kgU,0
Bolivia,Inferred,in Situ,<USD 130/kgU,0
Bolivia,Inferred,in Situ,<USD 260/kgU,1700
Bolivia,Inferred,Recoverable,<USD 40/kgU,0
Bolivia,Inferred,Recoverable,<USD 80/kgU,0
Bolivia,Inferred,Recoverable,<USD 130/kgU,0
Bolivia,Inferred,Recoverable,<USD 260/kgU,1400
Botswana,RAR,in Situ,<USD 40/kgU,0
Botswana,RAR,in Situ,<USD 80/kgU,0
Botswana,RAR,in Situ,<USD 130/kgU,32900
Botswana,RAR,in Situ,<USD 260/kgU,32900
Botswana,Inferred,in Situ,<USD 40/kgU,0
Botswana,Inferred,in Situ,<USD 80/kgU,0
Botswana,Inferred,in Situ,<USD 130/kgU,107700
Botswana,Inferred,in Situ,<USD 260/kgU,107700
Botswana,Inferred,Recoverable,<USD 40/kgU,0
Botswana,Inferred,Recoverable,<USD 80/kgU,0
Botswana,Inferred,Recoverable,<USD 130/kgU,66800
Botswana,Inferred,Recoverable,<USD 260/kgU,66800
Botswana,RAR,Recoverable,<USD 40/kgU,0
Botswana,RAR,Recoverable,<USD 80/kgU,0
Botswana,RAR,Recoverable,<USD 130/kgU,20400
Botswana,RAR,Recoverable,<USD 260/kgU,20400
Brazil,RAR,in Situ,<USD 40/kgU,184300
Brazil,RAR,in Situ,<USD 80/kgU,209700
Brazil,RAR,in Situ,<USD 130/kgU,209700
Brazil,RAR,in Situ,<USD 260/kgU,209700
Brazil,Inferred,Recoverable,<USD 40/kgU,0
Brazil,Inferred,Recoverable,<USD 80/kgU,73500
Brazil,Inferred,Recoverable,<USD 130/kgU,120900
Brazil,Inferred,Recoverable,<USD 260/kgU,120900
Brazil,RAR,Recoverable,<USD 40/kgU,138100
Brazil,RAR,Recoverable,<USD 80/kgU,155900
Brazil,RAR,Recoverable,<USD 130/kgU,155900
Brazil,RAR,Recoverable,<USD 260/kgU,155900
Brazil,Inferred,in Situ,<USD 40/kgU,0
Brazil,Inferred,in Situ,<USD 80/kgU,104900
Brazil,Inferred,in Situ,<USD 130/kgU,172600
Brazil,Inferred,in Situ,<USD 260/kgU,172600
Canada,RAR,in Situ,<USD 40/kgU,0
Canada,RAR,in Situ,<USD 80/kgU,293100
Canada,RAR,in Situ,<USD 130/kgU,525100
Canada,RAR,in Situ,<USD 260/kgU,744400
Canada,RAR,Recoverable,<USD 40/kgU,0
Canada,RAR,Recoverable,<USD 80/kgU,282300
Canada,RAR,Recoverable,<USD 130/kgU,489700
Canada,RAR,Recoverable,<USD 260/kgU,649000
Canada,Inferred,in Situ,<USD 40/kgU,0
Canada,Inferred,in Situ,<USD 80/kgU,11500
Canada,Inferred,in Situ,<USD 130/kgU,113300
Canada,Inferred,in Situ,<USD 260/kgU,247900
Canada,Inferred,Recoverable,<USD 40/kgU,0
Canada,Inferred,Recoverable,<USD 80/kgU,10000
Canada,Inferred,Recoverable,<USD 130/kgU,98900
Canada,Inferred,Recoverable,<USD 260/kgU,216400
Central African Republic,Inferred,in Situ,<USD 40/kgU,0
Central African Republic,Inferred,in Situ,<USD 80/kgU,0
Central African Republic,Inferred,in Situ,<USD 130/kgU,0
Central African Republic,Inferred,in Situ,<USD 260/kgU,36500
Central African Republic,Inferred,Recoverable,<USD 40/kgU,0
Central African Republic,Inferred,Recoverable,<USD 80/kgU,0
Central African Republic,Inferred,Recoverable,<USD 130/kgU,0
Central African Republic,Inferred,Recoverable,<USD 260/kgU,29200
Chad,Inferred,in Situ,<USD 40/kgU,0
Chad,Inferred,in Situ,<USD 80/kgU,0
Chad,Inferred,in Situ,<USD 130/kgU,0
Chad,Inferred,in Situ,<USD 260/kgU,3200
Chad,Inferred,Recoverable,<USD 40/kgU,0
Chad,Inferred,Recoverable,<USD 80/kgU,0
Chad,Inferred,Recoverable,<USD 130/kgU,0
Chad,Inferred,Recoverable,<USD 260/kgU,2400
Chile,RAR,in Situ,<USD 40/kgU,0
Chile,RAR,in Situ,<USD 80/kgU,0
Chile,RAR,in Situ,<USD 130/kgU,0
Chile,RAR,in Situ,<USD 260/kgU,700
Chile,Inferred,in Situ,<USD 40/kgU,0
Chile,Inferred,in Situ,<USD 80/kgU,0
Chile,Inferred,in Situ,<USD 130/kgU,0
Chile,Inferred,in Situ,<USD 260/kgU,1200
Chile,Inferred,Recoverable,<USD 40/kgU,0
Chile,Inferred,Recoverable,<USD 80/kgU,0
Chile,Inferred,Recoverable,<USD 130/kgU,0
Chile,Inferred,Recoverable,<USD 260/kgU,900
Chile,RAR,Recoverable,<USD 40/kgU,0
Chile,RAR,Recoverable,<USD 80/kgU,0
Chile,RAR,Recoverable,<USD 130/kgU,0
Chile,RAR,Recoverable,<USD 260/kgU,600
China,RAR,in Situ,<USD 40/kgU,45400
China,RAR,in Situ,<USD 80/kgU,79100
China,RAR,in Situ,<USD 130/kgU,149800
China,RAR,in Situ,<USD 260/kgU,154500
China,Inferred,Recoverable,<USD 40/kgU,41400
China,Inferred,Recoverable,<USD 80/kgU,76900
China,Inferred,Recoverable,<USD 130/kgU,116400
China,Inferred,Recoverable,<USD 260/kgU,133600
China,RAR,Recoverable,<USD 40/kgU,31800
China,RAR,Recoverable,<USD 80/kgU,55600
China,RAR,Recoverable,<USD 130/kgU,107600
China,RAR,Recoverable,<USD 260/kgU,111100
China,Inferred,in Situ,<USD 40/kgU,59200
China,Inferred,in Situ,<USD 80/kgU,109100
China,Inferred,in Situ,<USD 130/kgU,162000
China,Inferred,in Situ,<USD 260/kgU,185000
Congo Dem Rep of,RAR,in Situ,<USD 40/kgU,0
Congo Dem Rep of,RAR,in Situ,<USD 80/kgU,0
Congo Dem Rep of,RAR,in Situ,<USD 130/kgU,0
Congo Dem Rep of,RAR,in Situ,<USD 260/kgU,1900
Congo Dem Rep of,RAR,Recoverable,<USD 40/kgU,0
Congo Dem Rep of,RAR,Recoverable,<USD 80/kgU,0
Congo Dem Rep of,RAR,Recoverable,<USD 130/kgU,0
Congo Dem Rep of,RAR,Recoverable,<USD 260/kgU,1400
Congo Dem Rep of,Inferred,in Situ,<USD 40/kgU,0
Congo Dem Rep of,Inferred,in Situ,<USD 80/kgU,0
Congo Dem Rep of,Inferred,in Situ,<USD 130/kgU,0
Congo Dem Rep of,Inferred,in Situ,<USD 260/kgU,1700
Congo Dem Rep of,Inferred,Recoverable,<USD 40/kgU,0
Congo Dem Rep of,Inferred,Recoverable,<USD 80/kgU,0
Congo Dem Rep of,Inferred,Recoverable,<USD 130/kgU,0
Congo Dem Rep of,Inferred,Recoverable,<USD 260/kgU,1300
Czech Republic,RAR,in Situ,<USD 40/kgU,0
Czech Republic,RAR,in Situ,<USD 80/kgU,0
Czech Republic,RAR,in Situ,<USD 130/kgU,1300
Czech Republic,RAR,in Situ,<USD 260/kgU,3800
Czech Republic,Inferred,in Situ,<USD 40/kgU,0
Czech Republic,Inferred,in Situ,<USD 80/kgU,0
Czech Republic,Inferred,in Situ,<USD 130/kgU,113500
Czech Republic,Inferred,in Situ,<USD 260/kgU,113500
Czech Republic,Inferred,Recoverable,<USD 40/kgU,0
Czech Republic,Inferred,Recoverable,<USD 80/kgU,0
Czech Republic,Inferred,Recoverable,<USD 130/kgU,0
Czech Republic,Inferred,Recoverable,<USD 260/kgU,68300
Czech Republic,RAR,Recoverable,<USD 40/kgU,0
Czech Republic,RAR,Recoverable,<USD 80/kgU,0
Czech Republic,RAR,Recoverable,<USD 130/kgU,800
Czech Republic,RAR,Recoverable,<USD 260/kgU,50800
Denmark/Greenland,RAR,in Situ,<USD 40/kgU,0
Denmark/Greenland,RAR,in Situ,<USD 80/kgU,0
Denmark/Greenland,RAR,in Situ,<USD 130/kgU,0
Denmark/Greenland,RAR,in Situ,<USD 260/kgU,102800
Denmark/Greenland,Inferred,Recoverable,<USD 40/kgU,0
Denmark/Greenland,Inferred,Recoverable,<USD 80/kgU,0
Denmark/Greenland,Inferred,Recoverable,<USD 130/kgU,0
Denmark/Greenland,Inferred,Recoverable,<USD 260/kgU,62600
Denmark/Greenland,RAR,Recoverable,<USD 40/kgU,0
Denmark/Greenland,RAR,Recoverable,<USD 80/kgU,0
Denmark/Greenland,RAR,Recoverable,<USD 130/kgU,0
Denmark/Greenland,RAR,Recoverable,<USD 260/kgU,51400
Denmark/Greenland,Inferred,in Situ,<USD 40/kgU,0
Denmark/Greenland,Inferred,in Situ,<USD 80/kgU,0
Denmark/Greenland,Inferred,in Situ,<USD 130/kgU,0
Denmark/Greenland,Inferred,in Situ,<USD 260/kgU,125100
Egypt,Inferred,Recoverable,<USD 40/kgU,0
Egypt,Inferred,Recoverable,<USD 80/kgU,0
Egypt,Inferred,Recoverable,<USD 130/kgU,400
Egypt,Inferred,Recoverable,<USD 260/kgU,1900
Egypt,Inferred,in Situ,<USD 40/kgU,0
Egypt,Inferred,in Situ,<USD 80/kgU,0
Egypt,Inferred,in Situ,<USD 130/kgU,500
Egypt,Inferred,in Situ,<USD 260/kgU,2500
Finland,RAR,Recoverable,<USD 40/kgU,0
Finland,RAR,Recoverable,<USD 80/kgU,0
Finland,RAR,Recoverable,<USD 130/kgU,1200
Finland,RAR,Recoverable,<USD 260/kgU,1200
Finland,RAR,in Situ,<USD 40/kgU,0
Finland,RAR,in Situ,<USD 80/kgU,0
Finland,RAR,in Situ,<USD 130/kgU,1500
Finland,RAR,in Situ,<USD 260/kgU,1500
Gabon,Inferred,Recoverable,<USD 40/kgU,0
Gabon,Inferred,Recoverable,<USD 80/kgU,0
Gabon,Inferred,Recoverable,<USD 130/kgU,0
Gabon,Inferred,Recoverable,<USD 260/kgU,1000
Gabon,RAR,Recoverable,<USD 40/kgU,0
Gabon,RAR,Recoverable,<USD 80/kgU,0
Gabon,RAR,Recoverable,<USD 130/kgU,4800
Gabon,RAR,Recoverable,<USD 260/kgU,4800
Gabon,RAR,in Situ,<USD 40/kgU,0
Gabon,RAR,in Situ,<USD 80/kgU,0
Gabon,RAR,in Situ,<USD 130/kgU,6400
Gabon,RAR,in Situ,<USD 260/kgU,6400
Gabon,Inferred,in Situ,<USD 40/kgU,0
Gabon,Inferred,in Situ,<USD 80/kgU,0
Gabon,Inferred,in Situ,<USD 130/kgU,0
Gabon,Inferred,in Situ,<USD 260/kgU,1300
Germany,Inferred,Recoverable,<USD 40/kgU,0
Germany,Inferred,Recoverable,<USD 80/kgU,0
Germany,Inferred,Recoverable,<USD 130/kgU,0
Germany,Inferred,Recoverable,<USD 260/kgU,4000
Germany,RAR,in Situ,<USD 40/kgU,0
Germany,RAR,in Situ,<USD 80/kgU,0
Germany,RAR,in Situ,<USD 130/kgU,0
Germany,RAR,in Situ,<USD 260/kgU,4000
Germany,Inferred,in Situ,<USD 40/kgU,0
Germany,Inferred,in Situ,<USD 80/kgU,0
Germany,Inferred,in Situ,<USD 130/kgU,0
Germany,Inferred,in Situ,<USD 260/kgU,5300
Germany,RAR,Recoverable,<USD 40/kgU,0
Germany,RAR,Recoverable,<USD 80/kgU,0
Germany,RAR,Recoverable,<USD 130/kgU,0
Germany,RAR,Recoverable,<USD 260/kgU,3000
Greece,Inferred,Recoverable,<USD 40/kgU,0
Greece,Inferred,Recoverable,<USD 80/kgU,0
Greece,Inferred,Recoverable,<USD 130/kgU,0
Greece,Inferred,Recoverable,<USD 260/kgU,6000
Greece,Inferred,in Situ,<USD 40/kgU,0
Greece,Inferred,in Situ,<USD 80/kgU,0
Greece,Inferred,in Situ,<USD 130/kgU,0
Greece,Inferred,in Situ,<USD 260/kgU,8000
Greece,RAR,Recoverable,<USD 40/kgU,0
Greece,RAR,Recoverable,<USD 80/kgU,0
Greece,RAR,Recoverable,<USD 130/kgU,0
Greece,RAR,Recoverable,<USD 260/kgU,1000
Greece,RAR,in Situ,<USD 40/kgU,0
Greece,RAR,in Situ,<USD 80/kgU,0
Greece,RAR,in Situ,<USD 130/kgU,0
Greece,RAR,in Situ,<USD 260/kgU,1300
Guyana,Inferred,Recoverable,<USD 40/kgU,0
Guyana,Inferred,Recoverable,<USD 80/kgU,0
Guyana,Inferred,Recoverable,<USD 130/kgU,0
Guyana,Inferred,Recoverable,<USD 260/kgU,2200
Guyana,RAR,Recoverable,<USD 40/kgU,0
Guyana,RAR,Recoverable,<USD 80/kgU,0
Guyana,RAR,Recoverable,<USD 130/kgU,0
Guyana,RAR,Recoverable,<USD 260/kgU,2400
Guyana,RAR,in Situ,<USD 40/kgU,0
Guyana,RAR,in Situ,<USD 80/kgU,0
Guyana,RAR,in Situ,<USD 130/kgU,0
Guyana,RAR,in Situ,<USD 260/kgU,1300
Guyana,Inferred,in Situ,<USD 40/kgU,0
Guyana,Inferred,in Situ,<USD 80/kgU,0
Guyana,Inferred,in Situ,<USD 130/kgU,0
Guyana,Inferred,in Situ,<USD 260/kgU,2900
Hungary,Inferred,Recoverable,<USD 40/kgU,0
Hungary,Inferred,Recoverable,<USD 80/kgU,0
Hungary,Inferred,Recoverable,<USD 130/kgU,0
Hungary,Inferred,Recoverable,<USD 260/kgU,8000
Hungary,Inferred,in Situ,<USD 40/kgU,0
Hungary,Inferred,in Situ,<USD 80/kgU,0
Hungary,Inferred,in Situ,<USD 130/kgU,0
Hungary,Inferred,in Situ,<USD 260/kgU,22200
India,RAR,in Situ,<USD 40/kgU,0
India,RAR,in Situ,<USD 80/kgU,0
India,RAR,in Situ,<USD 130/kgU,0
India,RAR,in Situ,<USD 260/kgU,282400
India,Inferred,Recoverable,<USD 40/kgU,0
India,Inferred,Recoverable,<USD 80/kgU,0
India,Inferred,Recoverable,<USD 130/kgU,0
India,Inferred,Recoverable,<USD 260/kgU,8000
India,Inferred,in Situ,<USD 40/kgU,0
India,Inferred,in Situ,<USD 80/kgU,0
India,Inferred,in Situ,<USD 130/kgU,0
India,Inferred,in Situ,<USD 260/kgU,10500
India,RAR,Recoverable,<USD 40/kgU,0
India,RAR,Recoverable,<USD 80/kgU,0
India,RAR,Recoverable,<USD 130/kgU,0
India,RAR,Recoverable,<USD 260/kgU,213000
Indonesia,RAR,in Situ,<USD 40/kgU,0
Indonesia,RAR,in Situ,<USD 80/kgU,2000
Indonesia,RAR,in Situ,<USD 130/kgU,7400
Indonesia,RAR,in Situ,<USD 260/kgU,7400
Indonesia,Inferred,in Situ,<USD 40/kgU,0
Indonesia,Inferred,in Situ,<USD 80/kgU,0
Indonesia,Inferred,in Situ,<USD 130/kgU,4100
Indonesia,Inferred,in Situ,<USD 260/kgU,4100
Indonesia,RAR,Recoverable,<USD 40/kgU,0
Indonesia,RAR,Recoverable,<USD 80/kgU,1500
Indonesia,RAR,Recoverable,<USD 130/kgU,5500
Indonesia,RAR,Recoverable,<USD 260/kgU,5500
Indonesia,Inferred,Recoverable,<USD 40/kgU,0
Indonesia,Inferred,Recoverable,<USD 80/kgU,0
Indonesia,Inferred,Recoverable,<USD 130/kgU,3000
Indonesia,Inferred,Recoverable,<USD 260/kgU,3000
Iran Islamic Rep of,RAR,in Situ,<USD 40/kgU,0
Iran Islamic Rep of,RAR,in Situ,<USD 80/kgU,0
Iran Islamic Rep of,RAR,in Situ,<USD 130/kgU,4300
Iran Islamic Rep of,RAR,in Situ,<USD 260/kgU,4300
Iran Islamic Rep of,RAR,Recoverable,<USD 40/kgU,0
Iran Islamic Rep of,RAR,Recoverable,<USD 80/kgU,0
Iran Islamic Rep of,RAR,Recoverable,<USD 130/kgU,3200
Iran Islamic Rep of,RAR,Recoverable,<USD 260/kgU,3200
Iran Islamic Rep of,Inferred,Recoverable,<USD 40/kgU,0
Iran Islamic Rep of,Inferred,Recoverable,<USD 80/kgU,0
Iran Islamic Rep of,Inferred,Recoverable,<USD 130/kgU,4200
Iran Islamic Rep of,Inferred,Recoverable,<USD 260/kgU,4200
Iran Islamic Rep of,Inferred,in Situ,<USD 40/kgU,0
Iran Islamic Rep of,Inferred,in Situ,<USD 80/kgU,0
Iran Islamic Rep of,Inferred,in Situ,<USD 130/kgU,5500
Iran Islamic Rep of,Inferred,in Situ,<USD 260/kgU,5500
Italy,RAR,in Situ,<USD 40/kgU,0
Italy,RAR,in Situ,<USD 80/kgU,6400
Italy,RAR,in Situ,<USD 130/kgU,6400
Italy,RAR,in Situ,<USD 260/kgU,6400
Italy,Inferred,Recoverable,<USD 40/kgU,0
Italy,Inferred,Recoverable,<USD 80/kgU,1300
Italy,Inferred,Recoverable,<USD 130/kgU,1300
Italy,Inferred,Recoverable,<USD 260/kgU,1300
Italy,Inferred,in Situ,<USD 40/kgU,0
Italy,Inferred,in Situ,<USD 80/kgU,1700
Italy,Inferred,in Situ,<USD 130/kgU,1700
Italy,Inferred,in Situ,<USD 260/kgU,1700
Italy,RAR,Recoverable,<USD 40/kgU,0
Italy,RAR,Recoverable,<USD 80/kgU,4800
Italy,RAR,Recoverable,<USD 130/kgU,4800
Italy,RAR,Recoverable,<USD 260/kgU,4800
Japan,RAR,in Situ,<USD 40/kgU,0
Japan,RAR,in Situ,<USD 80/kgU,0
Japan,RAR,in Situ,<USD 130/kgU,0
Japan,RAR,in Situ,<USD 260/kgU,0
Japan,RAR,Recoverable,<USD 40/kgU,0
Japan,RAR,Recoverable,<USD 80/kgU,0
Japan,RAR,Recoverable,<USD 130/kgU,6600
Japan,RAR,Recoverable,<USD 260/kgU,6600
Jordan,Inferred,in Situ,<USD 40/kgU,0
Jordan,Inferred,in Situ,<USD 80/kgU,0
Jordan,Inferred,in Situ,<USD 130/kgU,62000
Jordan,Inferred,in Situ,<USD 260/kgU,62000
Jordan,RAR,in Situ,<USD 40/kgU,0
Jordan,RAR,in Situ,<USD 80/kgU,0
Jordan,RAR,in Situ,<USD 130/kgU,62000
Jordan,RAR,in Situ,<USD 260/kgU,62000
Jordan,RAR,Recoverable,<USD 40/kgU,0
Jordan,RAR,Recoverable,<USD 80/kgU,0
Jordan,RAR,Recoverable,<USD 130/kgU,6000
Jordan,RAR,Recoverable,<USD 260/kgU,6000
Jordan,Inferred,Recoverable,<USD 40/kgU,0
Jordan,Inferred,Recoverable,<USD 80/kgU,0
Jordan,Inferred,Recoverable,<USD 130/kgU,46500
Jordan,Inferred,Recoverable,<USD 260/kgU,46500
Kazakhstan,Inferred,in Situ,<USD 40/kgU,280800
Kazakhstan,Inferred,in Situ,<USD 80/kgU,467400
Kazakhstan,Inferred,in Situ,<USD 130/kgU,504600
Kazakhstan,Inferred,in Situ,<USD 260/kgU,552600
Kazakhstan,RAR,Recoverable,<USD 40/kgU,252000
Kazakhstan,RAR,Recoverable,<USD 80/kgU,316400
Kazakhstan,RAR,Recoverable,<USD 130/kgU,367800
Kazakhstan,RAR,Recoverable,<USD 260/kgU,387400
Kazakhstan,Inferred,Recoverable,<USD 40/kgU,250000
Kazakhstan,Inferred,Recoverable,<USD 80/kgU,415700
Kazakhstan,Inferred,Recoverable,<USD 130/kgU,447500
Kazakhstan,Inferred,Recoverable,<USD 260/kgU,487300
Kazakhstan,RAR,in Situ,<USD 40/kgU,283100
Kazakhstan,RAR,in Situ,<USD 80/kgU,355700
Kazakhstan,RAR,in Situ,<USD 130/kgU,414700
Kazakhstan,RAR,in Situ,<USD 260/kgU,438800
Malawi,Inferred,in Situ,<USD 40/kgU,0
Malawi,Inferred,in Situ,<USD 80/kgU,0
Malawi,Inferred,in Situ,<USD 130/kgU,2300
Malawi,Inferred,in Situ,<USD 260/kgU,5600
Malawi,Inferred,Recoverable,<USD 40/kgU,0
Malawi,Inferred,Recoverable,<USD 80/kgU,0
Malawi,Inferred,Recoverable,<USD 130/kgU,1800
Malawi,Inferred,Recoverable,<USD 260/kgU,4300
Malawi,RAR,in Situ,<USD 40/kgU,0
Malawi,RAR,in Situ,<USD 80/kgU,0
Malawi,RAR,in Situ,<USD 130/kgU,9500
Malawi,RAR,in Situ,<USD 260/kgU,15700
Malawi,RAR,Recoverable,<USD 40/kgU,0
Malawi,RAR,Recoverable,<USD 80/kgU,0
Malawi,RAR,Recoverable,<USD 130/kgU,7700
Malawi,RAR,Recoverable,<USD 260/kgU,12000
Mali,Inferred,in Situ,<USD 40/kgU,0
Mali,Inferred,in Situ,<USD 80/kgU,0
Mali,Inferred,in Situ,<USD 130/kgU,5200
Mali,Inferred,in Situ,<USD 260/kgU,5200
Mali,RAR,in Situ,<USD 40/kgU,0
Mali,RAR,in Situ,<USD 80/kgU,0
Mali,RAR,in Situ,<USD 130/kgU,6700
Mali,RAR,in Situ,<USD 260/kgU,6700
Mali,RAR,Recoverable,<USD 40/kgU,0
Mali,RAR,Recoverable,<USD 80/kgU,0
Mali,RAR,Recoverable,<USD 130/kgU,5000
Mali,RAR,Recoverable,<USD 260/kgU,5000
Mali,Inferred,Recoverable,<USD 40/kgU,0
Mali,Inferred,Recoverable,<USD 80/kgU,0
Mali,Inferred,Recoverable,<USD 130/kgU,3900
Mali,Inferred,Recoverable,<USD 260/kgU,3900
Mauritania,Inferred,in Situ,<USD 40/kgU,0
Mauritania,Inferred,in Situ,<USD 80/kgU,0
Mauritania,Inferred,in Situ,<USD 130/kgU,14300
Mauritania,Inferred,in Situ,<USD 260/kgU,23700
Mauritania,RAR,Recoverable,<USD 40/kgU,0
Mauritania,RAR,Recoverable,<USD 80/kgU,0
Mauritania,RAR,Recoverable,<USD 130/kgU,6500
Mauritania,RAR,Recoverable,<USD 260/kgU,6700
Mauritania,Inferred,Recoverable,<USD 40/kgU,0
Mauritania,Inferred,Recoverable,<USD 80/kgU,0
Mauritania,Inferred,Recoverable,<USD 130/kgU,12300
Mauritania,Inferred,Recoverable,<USD 260/kgU,19300
Mauritania,RAR,in Situ,<USD 40/kgU,0
Mauritania,RAR,in Situ,<USD 80/kgU,0
Mauritania,RAR,in Situ,<USD 130/kgU,7500
Mauritania,RAR,in Situ,<USD 260/kgU,7900
Mexico,Inferred,in Situ,<USD 40/kgU,0
Mexico,Inferred,in Situ,<USD 80/kgU,0
Mexico,Inferred,in Situ,<USD 130/kgU,0
Mexico,Inferred,in Situ,<USD 260/kgU,0
Mexico,Inferred,Recoverable,<USD 40/kgU,0
Mexico,Inferred,Recoverable,<USD 80/kgU,0
Mexico,Inferred,Recoverable,<USD 130/kgU,1800
Mexico,Inferred,Recoverable,<USD 260/kgU,3200
Mexico,RAR,in Situ,<USD 40/kgU,0
Mexico,RAR,in Situ,<USD 80/kgU,0
Mexico,RAR,in Situ,<USD 130/kgU,0
Mexico,RAR,in Situ,<USD 260/kgU,0
Mexico,RAR,Recoverable,<USD 40/kgU,0
Mexico,RAR,Recoverable,<USD 80/kgU,0
Mexico,RAR,Recoverable,<USD 130/kgU,1800
Mexico,RAR,Recoverable,<USD 260/kgU,1800
Mongolia,Inferred,in Situ,<USD 40/kgU,0
Mongolia,Inferred,in Situ,<USD 80/kgU,12400
Mongolia,Inferred,in Situ,<USD 130/kgU,104100
Mongolia,Inferred,in Situ,<USD 260/kgU,104100
Mongolia,RAR,in Situ,<USD 40/kgU,0
Mongolia,RAR,in Situ,<USD 80/kgU,10100
Mongolia,RAR,in Situ,<USD 130/kgU,88000
Mongolia,RAR,in Situ,<USD 260/kgU,88200
Mongolia,RAR,Recoverable,<USD 40/kgU,0
Mongolia,RAR,Recoverable,<USD 80/kgU,7600
Mongolia,RAR,Recoverable,<USD 130/kgU,6600
Mongolia,RAR,Recoverable,<USD 260/kgU,6600
Mongolia,Inferred,Recoverable,<USD 40/kgU,0
Mongolia,Inferred,Recoverable,<USD 80/kgU,9300
Mongolia,Inferred,Recoverable,<USD 130/kgU,78400
Mongolia,Inferred,Recoverable,<USD 260/kgU,78400
Namibia,Inferred,in Situ,<USD 40/kgU,0
Namibia,Inferred,in Situ,<USD 80/kgU,9200
Namibia,Inferred,in Situ,<USD 130/kgU,333000
Namibia,Inferred,in Situ,<USD 260/kgU,513800
Namibia,RAR,Recoverable,<USD 40/kgU,0
Namibia,RAR,Recoverable,<USD 80/kgU,11800
Namibia,RAR,Recoverable,<USD 130/kgU,307200
Namibia,RAR,Recoverable,<USD 260/kgU,322800
Namibia,Inferred,Recoverable,<USD 40/kgU,0
Namibia,Inferred,Recoverable,<USD 80/kgU,7900
Namibia,Inferred,Recoverable,<USD 130/kgU,162900
Namibia,Inferred,Recoverable,<USD 260/kgU,186700
Namibia,RAR,in Situ,<USD 40/kgU,0
Namibia,RAR,in Situ,<USD 80/kgU,14700
Namibia,RAR,in Situ,<USD 130/kgU,384000
Namibia,RAR,in Situ,<USD 260/kgU,403500
Niger,Inferred,in Situ,<USD 40/kgU,0
Niger,Inferred,in Situ,<USD 80/kgU,44800
Niger,Inferred,in Situ,<USD 130/kgU,66200
Niger,Inferred,in Situ,<USD 260/kgU,172600
Niger,Inferred,Recoverable,<USD 40/kgU,0
Niger,Inferred,Recoverable,<USD 80/kgU,53600
Niger,Inferred,Recoverable,<USD 130/kgU,133200
Niger,Inferred,Recoverable,<USD 260/kgU,0
Niger,RAR,in Situ,<USD 40/kgU,0
Niger,RAR,in Situ,<USD 80/kgU,18000
Niger,RAR,in Situ,<USD 130/kgU,317900
Niger,RAR,in Situ,<USD 260/kgU,413400
Niger,RAR,Recoverable,<USD 40/kgU,14600
Niger,RAR,Recoverable,<USD 80/kgU,257500
Niger,RAR,Recoverable,<USD 130/kgU,334800
Niger,RAR,Recoverable,<USD 260/kgU,0
Paraguay,Inferred,in Situ,<USD 40/kgU,0
Paraguay,Inferred,in Situ,<USD 80/kgU,0
Paraguay,Inferred,in Situ,<USD 130/kgU,1600
Paraguay,Inferred,in Situ,<USD 260/kgU,1600
Paraguay,RAR,in Situ,<USD 40/kgU,0
Paraguay,RAR,in Situ,<USD 80/kgU,0
Paraguay,RAR,in Situ,<USD 130/kgU,3400
Paraguay,RAR,in Situ,<USD 260/kgU,3400
Paraguay,RAR,Recoverable,<USD 40/kgU,0
Paraguay,RAR,Recoverable,<USD 80/kgU,0
Paraguay,RAR,Recoverable,<USD 130/kgU,3000
Paraguay,RAR,Recoverable,<USD 260/kgU,3000
Paraguay,Inferred,Recoverable,<USD 40/kgU,0
Paraguay,Inferred,Recoverable,<USD 80/kgU,0
Paraguay,Inferred,Recoverable,<USD 130/kgU,1400
Paraguay,Inferred,Recoverable,<USD 260/kgU,1400
Peru,Inferred,in Situ,<USD 40/kgU,0
Peru,Inferred,in Situ,<USD 80/kgU,27700
Peru,Inferred,in Situ,<USD 130/kgU,27700
Peru,Inferred,in Situ,<USD 260/kgU,27700
Peru,RAR,Recoverable,<USD 40/kgU,0
Peru,RAR,Recoverable,<USD 80/kgU,14000
Peru,RAR,Recoverable,<USD 130/kgU,14000
Peru,RAR,Recoverable,<USD 260/kgU,14000
Peru,Inferred,Recoverable,<USD 40/kgU,0
Peru,Inferred,Recoverable,<USD 80/kgU,19400
Peru,Inferred,Recoverable,<USD 130/kgU,19400
Peru,Inferred,Recoverable,<USD 260/kgU,19400
Peru,RAR,in Situ,<USD 40/kgU,0
Peru,RAR,in Situ,<USD 80/kgU,20000
Peru,RAR,in Situ,<USD 130/kgU,20000
Peru,RAR,in Situ,<USD 260/kgU,20000
Portugal,Inferred,in Situ,<USD 40/kgU,0
Portugal,Inferred,in Situ,<USD 80/kgU,0
Portugal,Inferred,in Situ,<USD 130/kgU,1000
Portugal,Inferred,in Situ,<USD 260/kgU,1000
Portugal,Inferred,Recoverable,<USD 40/kgU,0
Portugal,Inferred,Recoverable,<USD 80/kgU,0
Portugal,Inferred,Recoverable,<USD 130/kgU,800
Portugal,Inferred,Recoverable,<USD 260/kgU,800
Portugal,RAR,in Situ,<USD 40/kgU,0
Portugal,RAR,in Situ,<USD 80/kgU,4500
Portugal,RAR,in Situ,<USD 130/kgU,6000
Portugal,RAR,in Situ,<USD 260/kgU,6000
Portugal,RAR,Recoverable,<USD 40/kgU,0
Portugal,RAR,Recoverable,<USD 80/kgU,3600
Portugal,RAR,Recoverable,<USD 130/kgU,4800
Portugal,RAR,Recoverable,<USD 260/kgU,4800
Romania,Inferred,in Situ,<USD 40/kgU,0
Romania,Inferred,in Situ,<USD 80/kgU,0
Romania,Inferred,in Situ,<USD 130/kgU,4800
Romania,Inferred,in Situ,<USD 260/kgU,4800
Romania,RAR,in Situ,<USD 40/kgU,0
Romania,RAR,in Situ,<USD 80/kgU,4000
Romania,RAR,in Situ,<USD 130/kgU,4800
Romania,RAR,in Situ,<USD 260/kgU,4800
Romania,RAR,Recoverable,<USD 40/kgU,0
Romania,RAR,Recoverable,<USD 80/kgU,20600
Romania,RAR,Recoverable,<USD 130/kgU,206400
Romania,RAR,Recoverable,<USD 260/kgU,251900
Romania,Inferred,Recoverable,<USD 40/kgU,0
Romania,Inferred,Recoverable,<USD 80/kgU,3600
Romania,Inferred,Recoverable,<USD 130/kgU,3600
Romania,Inferred,Recoverable,<USD 260/kgU,3600
Russia,Inferred,in Situ,<USD 40/kgU,0
Russia,Inferred,in Situ,<USD 80/kgU,19200
Russia,Inferred,in Situ,<USD 130/kgU,333000
Russia,Inferred,in Situ,<USD 260/kgU,513800
Russia,RAR,Recoverable,<USD 40/kgU,0
Russia,RAR,Recoverable,<USD 80/kgU,8800
Russia,RAR,Recoverable,<USD 130/kgU,8800
Russia,RAR,Recoverable,<USD 260/kgU,8800
Russia,Inferred,Recoverable,<USD 40/kgU,0
Russia,Inferred,Recoverable,<USD 80/kgU,14400
Russia,Inferred,Recoverable,<USD 130/kgU,274500
Russia,Inferred,Recoverable,<USD 260/kgU,405000
Russia,RAR,in Situ,<USD 40/kgU,0
Russia,RAR,in Situ,<USD 80/kgU,27500
Russia,RAR,in Situ,<USD 130/kgU,257200
Russia,RAR,in Situ,<USD 260/kgU,327100
Senegal,Inferred,in Situ,<USD 40/kgU,0
Senegal,Inferred,in Situ,<USD 80/kgU,0
Senegal,Inferred,in Situ,<USD 130/kgU,0
Senegal,Inferred,in Situ,<USD 260/kgU,1500
Senegal,Inferred,Recoverable,<USD 40/kgU,0
Senegal,Inferred,Recoverable,<USD 80/kgU,0
Senegal,Inferred,Recoverable,<USD 130/kgU,1100
Senegal,Inferred,Recoverable,<USD 260/kgU,1100
Slovak Republic,RAR,in Situ,<USD 40/kgU,0
Slovak Republic,RAR,in Situ,<USD 80/kgU,10900
Slovak Republic,RAR,in Situ,<USD 130/kgU,10900
Slovak Republic,RAR,in Situ,<USD 260/kgU,10900
Slovak Republic,Inferred,in Situ,<USD 40/kgU,0
Slovak Republic,Inferred,in Situ,<USD 80/kgU,4900
Slovak Republic,Inferred,in Situ,<USD 130/kgU,8400
Slovak Republic,Inferred,in Situ,<USD 260/kgU,8400
Slovak Republic,Inferred,Recoverable,<USD 40/kgU,0
Slovak Republic,Inferred,Recoverable,<USD 80/kgU,3900
Slovak Republic,Inferred,Recoverable,<USD 130/kgU,6700
Slovak Republic,Inferred,Recoverable,<USD 260/kgU,6700
Slovak Republic,RAR,Recoverable,<USD 40/kgU,0
Slovak Republic,RAR,Recoverable,<USD 80/kgU,1700
Slovak Republic,RAR,Recoverable,<USD 130/kgU,1700
Slovak Republic,RAR,Recoverable,<USD 260/kgU,1700
Slovenia,RAR,in Situ,<USD 40/kgU,0
Slovenia,RAR,in Situ,<USD 80/kgU,2200
Slovenia,RAR,in Situ,<USD 130/kgU,2200
Slovenia,RAR,in Situ,<USD 260/kgU,2200
Slovenia,Inferred,Recoverable,<USD 40/kgU,0
Slovenia,Inferred,Recoverable,<USD 80/kgU,3800
Slovenia,Inferred,Recoverable,<USD 130/kgU,7500
Slovenia,Inferred,Recoverable,<USD 260/kgU,7500
Slovenia,RAR,Recoverable,<USD 40/kgU,0
Slovenia,RAR,Recoverable,<USD 80/kgU,7200
Slovenia,RAR,Recoverable,<USD 130/kgU,12200
Slovenia,RAR,Recoverable,<USD 260/kgU,12200
Slovenia,Inferred,in Situ,<USD 40/kgU,0
Slovenia,Inferred,in Situ,<USD 80/kgU,5000
Slovenia,Inferred,in Situ,<USD 130/kgU,10000
Slovenia,Inferred,in Situ,<USD 260/kgU,10000
Somalia,RAR,in Situ,<USD 40/kgU,0
Somalia,RAR,in Situ,<USD 80/kgU,0
Somalia,RAR,in Situ,<USD 130/kgU,0
Somalia,RAR,in Situ,<USD 260/kgU,3500
Somalia,RAR,Recoverable,<USD 40/kgU,0
Somalia,RAR,Recoverable,<USD 80/kgU,0
Somalia,RAR,Recoverable,<USD 130/kgU,0
Somalia,RAR,Recoverable,<USD 260/kgU,5200
Somalia,Inferred,in Situ,<USD 40/kgU,0
Somalia,Inferred,in Situ,<USD 80/kgU,0
Somalia,Inferred,in Situ,<USD 130/kgU,0
Somalia,Inferred,in Situ,<USD 260/kgU,3500
Somalia,Inferred,Recoverable,<USD 40/kgU,0
Somalia,Inferred,Recoverable,<USD 80/kgU,0
Somalia,Inferred,Recoverable,<USD 130/kgU,2600
Somalia,Inferred,Recoverable,<USD 260/kgU,2600
South Africa,RAR,in Situ,<USD 40/kgU,0
South Africa,RAR,in Situ,<USD 80/kgU,229400
South Africa,RAR,in Situ,<USD 130/kgU,324600
South Africa,RAR,in Situ,<USD 260/kgU,351500
South Africa,Inferred,in Situ,<USD 40/kgU,0
South Africa,Inferred,in Situ,<USD 80/kgU,82200
South Africa,Inferred,in Situ,<USD 130/kgU,112200
South Africa,Inferred,in Situ,<USD 260/kgU,260600
South Africa,Inferred,Recoverable,<USD 40/kgU,0
South Africa,Inferred,Recoverable,<USD 80/kgU,61700
South Africa,Inferred,Recoverable,<USD 130/kgU,84800
South Africa,Inferred,Recoverable,<USD 260/kgU,189000
South Africa,RAR,Recoverable,<USD 40/kgU,0
South Africa,RAR,Recoverable,<USD 80/kgU,166300
South Africa,RAR,Recoverable,<USD 130/kgU,236000
South Africa,RAR,Recoverable,<USD 260/kgU,255700
Spain,RAR,in Situ,<USD 40/kgU,9800
Spain,RAR,in Situ,<USD 80/kgU,23000
Spain,RAR,in Situ,<USD 130/kgU,23000
Spain,RAR,in Situ,<USD 260/kgU,23000
Spain,Inferred,Recoverable,<USD 40/kgU,0
Spain,Inferred,Recoverable,<USD 80/kgU,9400
Spain,Inferred,Recoverable,<USD 130/kgU,9400
Spain,Inferred,Recoverable,<USD 260/kgU,9400
Spain,RAR,Recoverable,<USD 40/kgU,8100
Spain,RAR,Recoverable,<USD 80/kgU,19100
Spain,RAR,Recoverable,<USD 130/kgU,19100
Spain,RAR,Recoverable,<USD 260/kgU,19100
Spain,Inferred,in Situ,<USD 40/kgU,0
Spain,Inferred,in Situ,<USD 80/kgU,11400
Spain,Inferred,in Situ,<USD 130/kgU,11400
Spain,Inferred,in Situ,<USD 260/kgU,11400
Sweden,RAR,in Situ,<USD 40/kgU,0
Sweden,RAR,in Situ,<USD 80/kgU,0
Sweden,RAR,in Situ,<USD 130/kgU,6500
Sweden,RAR,in Situ,<USD 260/kgU,6500
Sweden,RAR,Recoverable,<USD 40/kgU,0
Sweden,RAR,Recoverable,<USD 80/kgU,0
Sweden,RAR,Recoverable,<USD 130/kgU,4900
Sweden,RAR,Recoverable,<USD 260/kgU,4900
Sweden,Inferred,in Situ,<USD 40/kgU,0
Sweden,Inferred,in Situ,<USD 80/kgU,0
Sweden,Inferred,in Situ,<USD 130/kgU,6300
Sweden,Inferred,in Situ,<USD 260/kgU,6300
Sweden,Inferred,Recoverable,<USD 40/kgU,0
Sweden,Inferred,Recoverable,<USD 80/kgU,0
Sweden,Inferred,Recoverable,<USD 130/kgU,4700
Sweden,Inferred,Recoverable,<USD 260/kgU,4700
Tanzania,RAR,in Situ,<USD 40/kgU,0
Tanzania,RAR,in Situ,<USD 80/kgU,47900
Tanzania,RAR,in Situ,<USD 130/kgU,49600
Tanzania,RAR,in Situ,<USD 260/kgU,49600
Tanzania,Inferred,in Situ,<USD 40/kgU,0
Tanzania,Inferred,in Situ,<USD 80/kgU,10600
Tanzania,Inferred,in Situ,<USD 130/kgU,23000
Tanzania,Inferred,in Situ,<USD 260/kgU,23000
Tanzania,Inferred,Recoverable,<USD 40/kgU,0
Tanzania,Inferred,Recoverable,<USD 80/kgU,8500
Tanzania,Inferred,Recoverable,<USD 130/kgU,18500
Tanzania,Inferred,Recoverable,<USD 260/kgU,18500
Tanzania,RAR,Recoverable,<USD 40/kgU,0
Tanzania,RAR,Recoverable,<USD 80/kgU,38300
Tanzania,RAR,Recoverable,<USD 130/kgU,39700
Tanzania,RAR,Recoverable,<USD 260/kgU,39700
Turkey,RAR,in Situ,<USD 40/kgU,0
Turkey,RAR,in Situ,<USD 80/kgU,0
Turkey,RAR,in Situ,<USD 130/kgU,0
Turkey,RAR,in Situ,<USD 260/kgU,0
Turkey,Inferred,Recoverable,<USD 40/kgU,0
Turkey,Inferred,Recoverable,<USD 80/kgU,8700
Turkey,Inferred,Recoverable,<USD 130/kgU,9700
Turkey,Inferred,Recoverable,<USD 260/kgU,9700
Turkey,RAR,Recoverable,<USD 40/kgU,0
Turkey,RAR,Recoverable,<USD 80/kgU,0
Turkey,RAR,Recoverable,<USD 130/kgU,0
Turkey,RAR,Recoverable,<USD 260/kgU,0
Turkey,Inferred,in Situ,<USD 40/kgU,0
Turkey,Inferred,in Situ,<USD 80/kgU,0
Turkey,Inferred,in Situ,<USD 130/kgU,0
Turkey,Inferred,in Situ,<USD 260/kgU,0
Ukraine,RAR,in Situ,<USD 40/kgU,0
Ukraine,RAR,in Situ,<USD 80/kgU,51800
Ukraine,RAR,in Situ,<USD 130/kgU,83700
Ukraine,RAR,in Situ,<USD 260/kgU,137200
Ukraine,RAR,Recoverable,<USD 40/kgU,0
Ukraine,RAR,Recoverable,<USD 80/kgU,45000
Ukraine,RAR,Recoverable,<USD 130/kgU,73300
Ukraine,RAR,Recoverable,<USD 260/kgU,120600
Ukraine,Inferred,in Situ,<USD 40/kgU,0
Ukraine,Inferred,in Situ,<USD 80/kgU,30200
Ukraine,Inferred,in Situ,<USD 130/kgU,38200
Ukraine,Inferred,in Situ,<USD 260/kgU,73900
Ukraine,Inferred,Recoverable,<USD 40/kgU,0
Ukraine,Inferred,Recoverable,<USD 80/kgU,26700
Ukraine,Inferred,Recoverable,<USD 130/kgU,33300
Ukraine,Inferred,Recoverable,<USD 260/kgU,64800
United States,RAR,in Situ,<USD 40/kgU,0
United States,RAR,in Situ,<USD 80/kgU,12000
United States,RAR,in Situ,<USD 130/kgU,79200
United States,RAR,in Situ,<USD 260/kgU,149500
United States,RAR,Recoverable,<USD 40/kgU,0
United States,RAR,Recoverable,<USD 80/kgU,9000
United States,RAR,Recoverable,<USD 130/kgU,59400
United States,RAR,Recoverable,<USD 260/kgU,112200
Uzbekistan,Inferred,in Situ,<USD 40/kgU,31100
Uzbekistan,Inferred,in Situ,<USD 80/kgU,31100
Uzbekistan,Inferred,in Situ,<USD 130/kgU,108500
Uzbekistan,Inferred,in Situ,<USD 260/kgU,108500
Uzbekistan,RAR,in Situ,<USD 40/kgU,34100
Uzbekistan,RAR,in Situ,<USD 80/kgU,34100
Uzbekistan,RAR,in Situ,<USD 130/kgU,61800
Uzbekistan,RAR,in Situ,<USD 260/kgU,61800
Uzbekistan,RAR,Recoverable,<USD 40/kgU,27200
Uzbekistan,RAR,Recoverable,<USD 80/kgU,27200
Uzbekistan,RAR,Recoverable,<USD 130/kgU,49400
Uzbekistan,RAR,Recoverable,<USD 260/kgU,65000
Uzbekistan,Inferred,Recoverable,<USD 40/kgU,24900
Uzbekistan,Inferred,Recoverable,<USD 80/kgU,24900
Uzbekistan,Inferred,Recoverable,<USD 130/kgU,82100
Uzbekistan,Inferred,Recoverable,<USD 260/kgU,82100
Viet Nam,Inferred,in Situ,<USD 40/kgU,0
Viet Nam,Inferred,in Situ,<USD 80/kgU,0
Viet Nam,Inferred,in Situ,<USD 130/kgU,0
Viet Nam,Inferred,in Situ,<USD 260/kgU,4000
Viet Nam,RAR,Recoverable,<USD 40/kgU,0
Viet Nam,RAR,Recoverable,<USD 80/kgU,0
Viet Nam,RAR,Recoverable,<USD 130/kgU,900
Viet Nam,RAR,Recoverable,<USD 260/kgU,900
Viet Nam,Inferred,Recoverable,<USD 40/kgU,0
Viet Nam,Inferred,Recoverable,<USD 80/kgU,0
Viet Nam,Inferred,Recoverable,<USD 130/kgU,0
Viet Nam,Inferred,Recoverable,<USD 260/kgU,900
Viet Nam,RAR,in Situ,<USD 40/kgU,0
Viet Nam,RAR,in Situ,<USD 80/kgU,0
Viet Nam,RAR,in Situ,<USD 130/kgU,0
Viet Nam,RAR,in Situ,<USD 260/kgU,1200
Zambia,Inferred,in Situ,<USD 40/kgU,0
Zambia,Inferred,in Situ,<USD 80/kgU,0
Zambia,Inferred,in Situ,<USD 130/kgU,20100
Zambia,Inferred,in Situ,<USD 260/kgU,20100
Zambia,Inferred,Recoverable,<USD 40/kgU,0
Zambia,Inferred,Recoverable,<USD 80/kgU,0
Zambia,Inferred,Recoverable,<USD 130/kgU,12800
Zambia,Inferred,Recoverable,<USD 260/kgU,12800
Zambia,RAR,in Situ,<USD 40/kgU,0
Zambia,RAR,in Situ,<USD 80/kgU,0
Zambia,RAR,in Situ,<USD 130/kgU,14100
Zambia,RAR,in Situ,<USD 260/kgU,14100
Zambia,RAR,Recoverable,<USD 40/kgU,0
Zambia,RAR,Recoverable,<USD 80/kgU,0
Zambia,RAR,Recoverable,<USD 130/kgU,12800
Zambia,RAR,Recoverable,<USD 260/kgU,12800
Zimbabwe,Inferred,Recoverable,<USD 40/kgU,0
Zimbabwe,Inferred,Recoverable,<USD 80/kgU,0
Zimbabwe,Inferred,Recoverable,<USD 130/kgU,0
Zimbabwe,Inferred,Recoverable,<USD 260/kgU,0
Zimbabwe,RAR,in Situ,<USD 40/kgU,0
Zimbabwe,RAR,in Situ,<USD 80/kgU,0
Zimbabwe,RAR,in Situ,<USD 130/kgU,0
Zimbabwe,RAR,in Situ,<USD 260/kgU,1800
Zimbabwe,RAR,Recoverable,<USD 40/kgU,0
Zimbabwe,RAR,Recoverable,<USD 80/kgU,0
Zimbabwe,RAR,Recoverable,<USD 130/kgU,0
Zimbabwe,RAR,Recoverable,<USD 260/kgU,0